


CREATE TABLE sd_user(
	uid INT PRIMARY KEY AUTO_INCREMENT,
	uname VARCHAR(50) UNIQUE NOT NULL DEFAULT '',
	upwd  VARCHAR(32) NOT NULL DEFAULT '',
	phone VARCHAR(16) NOT NULL DEFAULT ''	
);

INSERT INTO sd_user VALUES(null,'tom',md5('111111'),13733556699);
INSERT INTO sd_user VALUES(null,'jack',md5('222222'),13733556698);
INSERT INTO sd_user VALUES(null,'jame',md5('333333'),13733556697);
INSERT INTO sd_user VALUES(null,'mary',md5('444444'),13733556696);
INSERT INTO sd_user VALUES(null,'lili',md5('555555'),13733556695);

CREATE TABLE sd_index_carousel(
			cid INT NOT NULL,
			img VARCHAR(128) DEFAULT NULL,
			title VARCHAR(64) DEFAULT NULL,
			href VARCHAR(128) DEFAULT NULL
);

INSERT INTO sd_index_carousel VALUES(1, 'image/banner/banner1.jpg', '轮播广告商品1', '000-header.html?lid=28');
INSERT INTO sd_index_carousel VALUES(2, 'image/banner/banner2.jpg', '轮播广告商品2', '000-header.html?lid=29');
INSERT INTO sd_index_carousel VALUES(3, 'image/banner/banner3.jpg', '轮播广告商品3', '000-header.html?lid=30');
INSERT INTO sd_index_carousel VALUES(4, 'image/banner/banner4.jpg', '轮播广告商品4', '000-header.html?lid=31');


CREATE TABLE sd_laptop(
	lid INT PRIMARY KEY AUTO_INCREMENT,
	fid INT DEFAULT NULL,
	title varchar(128) DEFAULT NULL,
	subtitle varchar(128) DEFAULT NULL,
	price decimal(10,2) DEFAULT NULL,
	promise varchar(64) DEFAULT NULL,
	spec varchar(64) DEFAULT NULL,
	lname varchar(32) DEFAULT NULL,
	os varchar(32) DEFAULT NULL,
	memory varchar(32) DEFAULT NULL,
	resolution varchar(32) DEFAULT NULL,
	video_card varchar(32) DEFAULT NULL,
	cpu varchar(32) DEFAULT NULL,
	video_memory varchar(32) DEFAULT NULL,
	category varchar(32) DEFAULT NULL,
	disk varchar(32) DEFAULT NULL,
	details varchar(1024) DEFAULT NULL,
	shelf_time bigint(20) DEFAULT NULL,
	sold_count int(11) DEFAULT NULL,
	is_onsale tinyint(1) DEFAULT NULL,
	color VARCHAR(128),
	miaosu VARCHAR(256)
);
INSERT INTO sd_laptop VALUES
(NULL, 1, '荣耀（Honnor）荣耀9青春版', '5月焕新季，领券买新机！神券满6000减600！一体成型金属机身，纤薄轻巧，长达12小时续航', '1499.00', '*退货补运费 *30天无忧退货 *48小时快速退款 *72小时发货', '32GB', '荣耀（Honnor）', '荣耀', '32G', '5.65英寸全面屏（18:9）', 'EMUI8.0智慧化系统', '前后各置200万像素+1300万像素', '其它', '拍人拍景都出色', '32GB', '<p>规格参数</p><table id="param_tab1"><tr><td>包装清单</td><td>手机*1、充电器*1、USB线*1、快速指南*1、三包凭证*1</td></tr><tr><td>品牌</td><td>华为(HUAWEI)</td></tr><tr><td>型号</td><td>畅享7s(FIG-AL00)</td></tr><tr><td>上市年份</td><td>2017年12月</td></tr><tr><td>输入方式</td><td>触控</td></tr><tr><td>智能机</td><td>是</td></tr><tr><td>操作系统</td><td>Android</td></tr><tr><td>CPU品牌</td><td>海思(Hisilicon)</td></tr><tr><td>CPU频率</td><td>4*Cprtex-A53 2.36GHz+4*Cortex-A53 1.7GHz</td></tr><tr><td>CPU核数</td><td>八核</td></tr><tr><td>指纹识别</td><td>支持</td></tr></table><p>网络</p><table id="param_tab2"><tr><td>4G网络制式</td><td>4G:移动;4G:联通;4G:电信</td></tr><tr><td>3G网络制式</td><td>3G:移动;3G:联通;3G:电信</td></tr><tr><td>2G网络制式</td><td>2G:移动联通+电信</td></tr><tr><td>双卡机类型</td><td>双卡双待单通</td></tr><tr><td>其它</td><td>副SIM卡与存储卡二选一</td></tr></table><p>存储</p><table id="param_tab3"><tr><td>机身内存</td><td>32GB</td></tr><tr><td>运行内存</td><td>32GB</td></tr></table>', 150123456789, 2968, 1,'image/2F-phone/huawei/xs/2.jpg','<li>搭载麒麟970人工智能芯片</li><li>● 6GB运存，EMUI 8.0智慧系统</li><li>● 5.99英寸全面屏，大视野精妙展现</li><li>● 开启游戏助手，游戏时刻更畅快</li><li>● 2000万像素黑白镜头捕捉层次和细节</li>'),
(NULL, 1, '华为HUAWEI Mate 9 Pro 全网通商务手机LON-AL00', '5月焕新季，领券买新机！神券满6000减600！一体成型金属机身，纤薄轻巧，长达12小时续航', '3499.00', '*退货补运费 *30天无忧退货 *48小时快速退款 *72小时发货', '64GB', '荣耀（Honnor）', '荣耀', '32G', '5.65英寸全面屏（18:9）', 'EMUI8.0智慧化系统', '前后各置200万像素+1300万像素', '其它', '拍人拍景都出色', '32GB', '<p>规格参数</p><table id="param_tab1"><tr><td>包装清单</td><td>手机*1、充电器*1、USB线*1、快速指南*1、三包凭证*1</td></tr><tr><td>品牌</td><td>华为(HUAWEI)</td></tr><tr><td>型号</td><td>畅享7s(FIG-AL00)</td></tr><tr><td>上市年份</td><td>2017年12月</td></tr><tr><td>输入方式</td><td>触控</td></tr><tr><td>智能机</td><td>是</td></tr><tr><td>操作系统</td><td>Android</td></tr><tr><td>CPU品牌</td><td>海思(Hisilicon)</td></tr><tr><td>CPU频率</td><td>4*Cprtex-A53 2.36GHz+4*Cortex-A53 1.7GHz</td></tr><tr><td>CPU核数</td><td>八核</td></tr><tr><td>指纹识别</td><td>支持</td></tr></table><p>网络</p><table id="param_tab2"><tr><td>4G网络制式</td><td>4G:移动;4G:联通;4G:电信</td></tr><tr><td>3G网络制式</td><td>3G:移动;3G:联通;3G:电信</td></tr><tr><td>2G网络制式</td><td>2G:移动联通+电信</td></tr><tr><td>双卡机类型</td><td>双卡双待单通</td></tr><tr><td>其它</td><td>副SIM卡与存储卡二选一</td></tr></table><p>存储</p><table id="param_tab3"><tr><td>机身内存</td><td>32GB</td></tr><tr><td>运行内存</td><td>32GB</td></tr></table>', '150123456789', '2968', 1,'image/2F-phone/huawei/xs/1.jpg','<li>搭载麒麟970人工智能芯片</li><li>● 6GB运存，EMUI 8.0智慧系统</li><li>● 5.99英寸全面屏，大视野精妙展现</li><li>● 开启游戏助手，游戏时刻更畅快</li><li>● 2000万像素黑白镜头捕捉层次和细节</li>'),
(NULL, 1, '华为HUAWEI P10 Plus  全网通 移动联通电信4G手机 VKY-AL00 ', '5月焕新季，领券买新机！神券满6000减600！一体成型金属机身，纤薄轻巧，长达12小时续航', '4999.00', '*退货补运费 *30天无忧退货 *48小时快速退款 *72小时发货', '双核i5/8GB内存/128GB闪存', '荣耀（Honnor）', '荣耀', '32G', '5.65英寸全面屏（18:9）', 'EMUI8.0智慧化系统', '前后各置200万像素+1300万像素', '其它', '拍人拍景都出色', '32GB', '<p>规格参数</p><table id="param_tab1"><tr><td>包装清单</td><td>手机*1、充电器*1、USB线*1、快速指南*1、三包凭证*1</td></tr><tr><td>品牌</td><td>华为(HUAWEI)</td></tr><tr><td>型号</td><td>畅享7s(FIG-AL00)</td></tr><tr><td>上市年份</td><td>2017年12月</td></tr><tr><td>输入方式</td><td>触控</td></tr><tr><td>智能机</td><td>是</td></tr><tr><td>操作系统</td><td>Android</td></tr><tr><td>CPU品牌</td><td>海思(Hisilicon)</td></tr><tr><td>CPU频率</td><td>4*Cprtex-A53 2.36GHz+4*Cortex-A53 1.7GHz</td></tr><tr><td>CPU核数</td><td>八核</td></tr><tr><td>指纹识别</td><td>支持</td></tr></table><p>网络</p><table id="param_tab2"><tr><td>4G网络制式</td><td>4G:移动;4G:联通;4G:电信</td></tr><tr><td>3G网络制式</td><td>3G:移动;3G:联通;3G:电信</td></tr><tr><td>2G网络制式</td><td>2G:移动联通+电信</td></tr><tr><td>双卡机类型</td><td>双卡双待单通</td></tr><tr><td>其它</td><td>副SIM卡与存储卡二选一</td></tr></table><p>存储</p><table id="param_tab3"><tr><td>机身内存</td><td>32GB</td></tr><tr><td>运行内存</td><td>32GB</td></tr></table>', 150123456789, 2968, 1,'image/2F-phone/huawei/xs/3.jpg',NULL),
(NULL, 1, '华为HUAWEI Mate10 保时捷限量版 6GB+256GB  全网通 经典手机 BLA-AL00(钻石黑)', '5月焕新季，领券买新机！神券满6000减600！一体成型金属机身，纤薄轻巧，长达12小时续航', '2999.00', '*退货补运费 *30天无忧退货 *48小时快速退款 *72小时发货', '双核i5/8GB内存/128GB闪存', '荣耀（Honnor）', '荣耀', '32G', '5.65英寸全面屏（18:9）', 'EMUI8.0智慧化系统', '前后各置200万像素+1300万像素', '其它', '拍人拍景都出色', '32GB', '<p>规格参数</p><table id="param_tab1"><tr><td>包装清单</td><td>手机*1、充电器*1、USB线*1、快速指南*1、三包凭证*1</td></tr><tr><td>品牌</td><td>华为(HUAWEI)</td></tr><tr><td>型号</td><td>畅享7s(FIG-AL00)</td></tr><tr><td>上市年份</td><td>2017年12月</td></tr><tr><td>输入方式</td><td>触控</td></tr><tr><td>智能机</td><td>是</td></tr><tr><td>操作系统</td><td>Android</td></tr><tr><td>CPU品牌</td><td>海思(Hisilicon)</td></tr><tr><td>CPU频率</td><td>4*Cprtex-A53 2.36GHz+4*Cortex-A53 1.7GHz</td></tr><tr><td>CPU核数</td><td>八核</td></tr><tr><td>指纹识别</td><td>支持</td></tr></table><p>网络</p><table id="param_tab2"><tr><td>4G网络制式</td><td>4G:移动;4G:联通;4G:电信</td></tr><tr><td>3G网络制式</td><td>3G:移动;3G:联通;3G:电信</td></tr><tr><td>2G网络制式</td><td>2G:移动联通+电信</td></tr><tr><td>双卡机类型</td><td>双卡双待单通</td></tr><tr><td>其它</td><td>副SIM卡与存储卡二选一</td></tr></table><p>存储</p><table id="param_tab3"><tr><td>机身内存</td><td>32GB</td></tr><tr><td>运行内存</td><td>32GB</td></tr></table>', 150123456789, 2968, 1,NULL,NULL),
(NULL, 1, '华为HUAWEI Nova 2s 4GB+64GB 全网通 移动联通电信4G手机 HWI-AL00 双卡双待', '5月焕新季，领券买新机！神券满6000减600！一体成型金属机身，纤薄轻巧，长达12小时续航', '1889.00', '*退货补运费 *30天无忧退货 *48小时快速退款 *72小时发货', '双核i5/8GB内存/128GB闪存', '荣耀（Honnor）', '荣耀', '32G', '5.65英寸全面屏（18:9）', 'EMUI8.0智慧化系统', '前后各置200万像素+1300万像素', '其它', '拍人拍景都出色', '32GB', '<p>规格参数</p><table id="param_tab1"><tr><td>包装清单</td><td>手机*1、充电器*1、USB线*1、快速指南*1、三包凭证*1</td></tr><tr><td>品牌</td><td>华为(HUAWEI)</td></tr><tr><td>型号</td><td>畅享7s(FIG-AL00)</td></tr><tr><td>上市年份</td><td>2017年12月</td></tr><tr><td>输入方式</td><td>触控</td></tr><tr><td>智能机</td><td>是</td></tr><tr><td>操作系统</td><td>Android</td></tr><tr><td>CPU品牌</td><td>海思(Hisilicon)</td></tr><tr><td>CPU频率</td><td>4*Cprtex-A53 2.36GHz+4*Cortex-A53 1.7GHz</td></tr><tr><td>CPU核数</td><td>八核</td></tr><tr><td>指纹识别</td><td>支持</td></tr></table><p>网络</p><table id="param_tab2"><tr><td>4G网络制式</td><td>4G:移动;4G:联通;4G:电信</td></tr><tr><td>3G网络制式</td><td>3G:移动;3G:联通;3G:电信</td></tr><tr><td>2G网络制式</td><td>2G:移动联通+电信</td></tr><tr><td>双卡机类型</td><td>双卡双待单通</td></tr><tr><td>其它</td><td>副SIM卡与存储卡二选一</td></tr></table><p>存储</p><table id="param_tab3"><tr><td>机身内存</td><td>32GB</td></tr><tr><td>运行内存</td><td>32GB</td></tr></table>', 150123456789, 2968, 1,NULL,NULL),
(NULL, 1, '华为(HUAWEI) P10   全网通 移动联通电信4G手机 VTR-AL00', '5月焕新季，领券买新机！神券满6000减600！一体成型金属机身，纤薄轻巧，长达12小时续航', '2555.00', '*退货补运费 *30天无忧退货 *48小时快速退款 *72小时发货', '双核i5/8GB内存/128GB闪存', '荣耀（Honnor）', '荣耀', '32G', '5.65英寸全面屏（18:9）', 'EMUI8.0智慧化系统', '前后各置200万像素+1300万像素', '其它', '拍人拍景都出色', '32GB', '<p>规格参数</p><table id="param_tab1"><tr><td>包装清单</td><td>手机*1、充电器*1、USB线*1、快速指南*1、三包凭证*1</td></tr><tr><td>品牌</td><td>华为(HUAWEI)</td></tr><tr><td>型号</td><td>畅享7s(FIG-AL00)</td></tr><tr><td>上市年份</td><td>2017年12月</td></tr><tr><td>输入方式</td><td>触控</td></tr><tr><td>智能机</td><td>是</td></tr><tr><td>操作系统</td><td>Android</td></tr><tr><td>CPU品牌</td><td>海思(Hisilicon)</td></tr><tr><td>CPU频率</td><td>4*Cprtex-A53 2.36GHz+4*Cortex-A53 1.7GHz</td></tr><tr><td>CPU核数</td><td>八核</td></tr><tr><td>指纹识别</td><td>支持</td></tr></table><p>网络</p><table id="param_tab2"><tr><td>4G网络制式</td><td>4G:移动;4G:联通;4G:电信</td></tr><tr><td>3G网络制式</td><td>3G:移动;3G:联通;3G:电信</td></tr><tr><td>2G网络制式</td><td>2G:移动联通+电信</td></tr><tr><td>双卡机类型</td><td>双卡双待单通</td></tr><tr><td>其它</td><td>副SIM卡与存储卡二选一</td></tr></table><p>存储</p><table id="param_tab3"><tr><td>机身内存</td><td>32GB</td></tr><tr><td>运行内存</td><td>32GB</td></tr></table>', 150123456789, 2968, 1,NULL,NULL),
(NULL, 1, '华为(HUAWEI) nova青春版 4GB+64GB 全网通 移动电信联通4G手机 WAS-AL00 ', '5月焕新季，领券买新机！神券满6000减600！一体成型金属机身，纤薄轻巧，长达12小时续航', '1999.00', '*退货补运费 *30天无忧退货 *48小时快速退款 *72小时发货', '双核i5/8GB内存/128GB闪存', '荣耀（Honnor）', '荣耀', '32G', '5.65英寸全面屏（18:9）', 'EMUI8.0智慧化系统', '前后各置200万像素+1300万像素', '其它', '拍人拍景都出色', '32GB', '<p>规格参数</p><table id="param_tab1"><tr><td>包装清单</td><td>手机*1、充电器*1、USB线*1、快速指南*1、三包凭证*1</td></tr><tr><td>品牌</td><td>华为(HUAWEI)</td></tr><tr><td>型号</td><td>畅享7s(FIG-AL00)</td></tr><tr><td>上市年份</td><td>2017年12月</td></tr><tr><td>输入方式</td><td>触控</td></tr><tr><td>智能机</td><td>是</td></tr><tr><td>操作系统</td><td>Android</td></tr><tr><td>CPU品牌</td><td>海思(Hisilicon)</td></tr><tr><td>CPU频率</td><td>4*Cprtex-A53 2.36GHz+4*Cortex-A53 1.7GHz</td></tr><tr><td>CPU核数</td><td>八核</td></tr><tr><td>指纹识别</td><td>支持</td></tr></table><p>网络</p><table id="param_tab2"><tr><td>4G网络制式</td><td>4G:移动;4G:联通;4G:电信</td></tr><tr><td>3G网络制式</td><td>3G:移动;3G:联通;3G:电信</td></tr><tr><td>2G网络制式</td><td>2G:移动联通+电信</td></tr><tr><td>双卡机类型</td><td>双卡双待单通</td></tr><tr><td>其它</td><td>副SIM卡与存储卡二选一</td></tr></table><p>存储</p><table id="param_tab3"><tr><td>机身内存</td><td>32GB</td></tr><tr><td>运行内存</td><td>32GB</td></tr></table>', 150123456789, 2968, 1,NULL,NULL),
(NULL, 1, '华为(HUAWEI)  P10 Plus 6GB+256GB 全网通 移动联通电信4G手机 VKY-AL00 ', '5月焕新季，领券买新机！神券满6000减600！一体成型金属机身，纤薄轻巧，长达12小时续航', '1999.00', '*退货补运费 *30天无忧退货 *48小时快速退款 *72小时发货', '双核i5/8GB内存/128GB闪存', '荣耀（Honnor）', '荣耀', '32G', '5.65英寸全面屏（18:9）', 'EMUI8.0智慧化系统', '前后各置200万像素+1300万像素', '其它', '拍人拍景都出色', '32GB', '<p>规格参数</p><table id="param_tab1"><tr><td>包装清单</td><td>手机*1、充电器*1、USB线*1、快速指南*1、三包凭证*1</td></tr><tr><td>品牌</td><td>华为(HUAWEI)</td></tr><tr><td>型号</td><td>畅享7s(FIG-AL00)</td></tr><tr><td>上市年份</td><td>2017年12月</td></tr><tr><td>输入方式</td><td>触控</td></tr><tr><td>智能机</td><td>是</td></tr><tr><td>操作系统</td><td>Android</td></tr><tr><td>CPU品牌</td><td>海思(Hisilicon)</td></tr><tr><td>CPU频率</td><td>4*Cprtex-A53 2.36GHz+4*Cortex-A53 1.7GHz</td></tr><tr><td>CPU核数</td><td>八核</td></tr><tr><td>指纹识别</td><td>支持</td></tr></table><p>网络</p><table id="param_tab2"><tr><td>4G网络制式</td><td>4G:移动;4G:联通;4G:电信</td></tr><tr><td>3G网络制式</td><td>3G:移动;3G:联通;3G:电信</td></tr><tr><td>2G网络制式</td><td>2G:移动联通+电信</td></tr><tr><td>双卡机类型</td><td>双卡双待单通</td></tr><tr><td>其它</td><td>副SIM卡与存储卡二选一</td></tr></table><p>存储</p><table id="param_tab3"><tr><td>机身内存</td><td>32GB</td></tr><tr><td>运行内存</td><td>32GB</td></tr></table>', 150123456789, 2968, 1,NULL,NULL),
(NULL, 1, '华为（HUAWEI ）畅享7 Plus  标配版 3GB+32GB 全网通 实用手机TRT-AL00', '5月焕新季，领券买新机！神券满6000减600！一体成型金属机身，纤薄轻巧，长达12小时续航', '2999.00', '*退货补运费 *30天无忧退货 *48小时快速退款 *72小时发货', '双核i5/8GB内存/128GB闪存', '荣耀（Honnor）', '荣耀', '32G', '5.65英寸全面屏（18:9）', 'EMUI8.0智慧化系统', '前后各置200万像素+1300万像素', '其它', '拍人拍景都出色', '32GB', '<p>规格参数</p><table id="param_tab1"><tr><td>包装清单</td><td>手机*1、充电器*1、USB线*1、快速指南*1、三包凭证*1</td></tr><tr><td>品牌</td><td>华为(HUAWEI)</td></tr><tr><td>型号</td><td>畅享7s(FIG-AL00)</td></tr><tr><td>上市年份</td><td>2017年12月</td></tr><tr><td>输入方式</td><td>触控</td></tr><tr><td>智能机</td><td>是</td></tr><tr><td>操作系统</td><td>Android</td></tr><tr><td>CPU品牌</td><td>海思(Hisilicon)</td></tr><tr><td>CPU频率</td><td>4*Cprtex-A53 2.36GHz+4*Cortex-A53 1.7GHz</td></tr><tr><td>CPU核数</td><td>八核</td></tr><tr><td>指纹识别</td><td>支持</td></tr></table><p>网络</p><table id="param_tab2"><tr><td>4G网络制式</td><td>4G:移动;4G:联通;4G:电信</td></tr><tr><td>3G网络制式</td><td>3G:移动;3G:联通;3G:电信</td></tr><tr><td>2G网络制式</td><td>2G:移动联通+电信</td></tr><tr><td>双卡机类型</td><td>双卡双待单通</td></tr><tr><td>其它</td><td>副SIM卡与存储卡二选一</td></tr></table><p>存储</p><table id="param_tab3"><tr><td>机身内存</td><td>32GB</td></tr><tr><td>运行内存</td><td>32GB</td></tr></table>', 150123456789, 2968, 1,NULL,NULL),
(NULL, 2, 'Apple iPhoneX 移动联通电信4G全网通手机  ', '5月焕新季，领券买新机！神券满6000减600！一体成型金属机身，纤薄轻巧，长达12小时续航', '5499.00', '*退货补运费 *30天无忧退货 *48小时快速退款 *72小时发货', '双核i5/8GB内存/128GB闪存', '荣耀（Honnor）', '荣耀', '32G', '5.65英寸全面屏（18:9）', 'EMUI8.0智慧化系统', '前后各置200万像素+1300万像素', '其它', '拍人拍景都出色', '32GB', '<p>规格参数</p><table id="param_tab1"><tr><td>包装清单</td><td>手机*1、充电器*1、USB线*1、快速指南*1、三包凭证*1</td></tr><tr><td>品牌</td><td>华为(HUAWEI)</td></tr><tr><td>型号</td><td>畅享7s(FIG-AL00)</td></tr><tr><td>上市年份</td><td>2017年12月</td></tr><tr><td>输入方式</td><td>触控</td></tr><tr><td>智能机</td><td>是</td></tr><tr><td>操作系统</td><td>Android</td></tr><tr><td>CPU品牌</td><td>海思(Hisilicon)</td></tr><tr><td>CPU频率</td><td>4*Cprtex-A53 2.36GHz+4*Cortex-A53 1.7GHz</td></tr><tr><td>CPU核数</td><td>八核</td></tr><tr><td>指纹识别</td><td>支持</td></tr></table><p>网络</p><table id="param_tab2"><tr><td>4G网络制式</td><td>4G:移动;4G:联通;4G:电信</td></tr><tr><td>3G网络制式</td><td>3G:移动;3G:联通;3G:电信</td></tr><tr><td>2G网络制式</td><td>2G:移动联通+电信</td></tr><tr><td>双卡机类型</td><td>双卡双待单通</td></tr><tr><td>其它</td><td>副SIM卡与存储卡二选一</td></tr></table><p>存储</p><table id="param_tab3"><tr><td>机身内存</td><td>32GB</td></tr><tr><td>运行内存</td><td>32GB</td></tr></table>', 150123456789, 2968, 1,NULL,NULL),
(NULL, 2, 'Apple iPhone 8 移动联通电信4G手机 A1863', '5月焕新季，领券买新机！神券满6000减600！一体成型金属机身，纤薄轻巧，长达12小时续航', '6499.00', '*退货补运费 *30天无忧退货 *48小时快速退款 *72小时发货', '双核i5/8GB内存/128GB闪存', '荣耀（Honnor）', '荣耀', '32G', '5.65英寸全面屏（18:9）', 'EMUI8.0智慧化系统', '前后各置200万像素+1300万像素', '其它', '拍人拍景都出色', '32GB', '<p>规格参数</p><table id="param_tab1"><tr><td>包装清单</td><td>手机*1、充电器*1、USB线*1、快速指南*1、三包凭证*1</td></tr><tr><td>品牌</td><td>华为(HUAWEI)</td></tr><tr><td>型号</td><td>畅享7s(FIG-AL00)</td></tr><tr><td>上市年份</td><td>2017年12月</td></tr><tr><td>输入方式</td><td>触控</td></tr><tr><td>智能机</td><td>是</td></tr><tr><td>操作系统</td><td>Android</td></tr><tr><td>CPU品牌</td><td>海思(Hisilicon)</td></tr><tr><td>CPU频率</td><td>4*Cprtex-A53 2.36GHz+4*Cortex-A53 1.7GHz</td></tr><tr><td>CPU核数</td><td>八核</td></tr><tr><td>指纹识别</td><td>支持</td></tr></table><p>网络</p><table id="param_tab2"><tr><td>4G网络制式</td><td>4G:移动;4G:联通;4G:电信</td></tr><tr><td>3G网络制式</td><td>3G:移动;3G:联通;3G:电信</td></tr><tr><td>2G网络制式</td><td>2G:移动联通+电信</td></tr><tr><td>双卡机类型</td><td>双卡双待单通</td></tr><tr><td>其它</td><td>副SIM卡与存储卡二选一</td></tr></table><p>存储</p><table id="param_tab3"><tr><td>机身内存</td><td>32GB</td></tr><tr><td>运行内存</td><td>32GB</td></tr></table>', 150123456789, 2968, 1,NULL,NULL),
(NULL, 2, 'Apple iPhone 7 移动联通电信4G手机 ', '5月焕新季，领券买新机！神券满6000减600！一体成型金属机身，纤薄轻巧，长达12小时续航', '7499.00', '*退货补运费 *30天无忧退货 *48小时快速退款 *72小时发货', '双核i5/8GB内存/128GB闪存', '荣耀（Honnor）', '荣耀', '32G', '5.65英寸全面屏（18:9）', 'EMUI8.0智慧化系统', '前后各置200万像素+1300万像素', '其它', '拍人拍景都出色', '32GB', '<p>规格参数</p><table id="param_tab1"><tr><td>包装清单</td><td>手机*1、充电器*1、USB线*1、快速指南*1、三包凭证*1</td></tr><tr><td>品牌</td><td>华为(HUAWEI)</td></tr><tr><td>型号</td><td>畅享7s(FIG-AL00)</td></tr><tr><td>上市年份</td><td>2017年12月</td></tr><tr><td>输入方式</td><td>触控</td></tr><tr><td>智能机</td><td>是</td></tr><tr><td>操作系统</td><td>Android</td></tr><tr><td>CPU品牌</td><td>海思(Hisilicon)</td></tr><tr><td>CPU频率</td><td>4*Cprtex-A53 2.36GHz+4*Cortex-A53 1.7GHz</td></tr><tr><td>CPU核数</td><td>八核</td></tr><tr><td>指纹识别</td><td>支持</td></tr></table><p>网络</p><table id="param_tab2"><tr><td>4G网络制式</td><td>4G:移动;4G:联通;4G:电信</td></tr><tr><td>3G网络制式</td><td>3G:移动;3G:联通;3G:电信</td></tr><tr><td>2G网络制式</td><td>2G:移动联通+电信</td></tr><tr><td>双卡机类型</td><td>双卡双待单通</td></tr><tr><td>其它</td><td>副SIM卡与存储卡二选一</td></tr></table><p>存储</p><table id="param_tab3"><tr><td>机身内存</td><td>32GB</td></tr><tr><td>运行内存</td><td>32GB</td></tr></table>', 150123456789, 2968, 1,NULL,NULL),
(NULL, 2, 'Apple iPhone 7 Plus 移动联通电信4G手机 ', '5月焕新季，领券买新机！神券满6000减600！一体成型金属机身，纤薄轻巧，长达12小时续航', '6499.00', '*退货补运费 *30天无忧退货 *48小时快速退款 *72小时发货', '双核i5/8GB内存/128GB闪存', '荣耀（Honnor）', '荣耀', '32G', '5.65英寸全面屏（18:9）', 'EMUI8.0智慧化系统', '前后各置200万像素+1300万像素', '其它', '拍人拍景都出色', '32GB', '<p>规格参数</p><table id="param_tab1"><tr><td>包装清单</td><td>手机*1、充电器*1、USB线*1、快速指南*1、三包凭证*1</td></tr><tr><td>品牌</td><td>华为(HUAWEI)</td></tr><tr><td>型号</td><td>畅享7s(FIG-AL00)</td></tr><tr><td>上市年份</td><td>2017年12月</td></tr><tr><td>输入方式</td><td>触控</td></tr><tr><td>智能机</td><td>是</td></tr><tr><td>操作系统</td><td>Android</td></tr><tr><td>CPU品牌</td><td>海思(Hisilicon)</td></tr><tr><td>CPU频率</td><td>4*Cprtex-A53 2.36GHz+4*Cortex-A53 1.7GHz</td></tr><tr><td>CPU核数</td><td>八核</td></tr><tr><td>指纹识别</td><td>支持</td></tr></table><p>网络</p><table id="param_tab2"><tr><td>4G网络制式</td><td>4G:移动;4G:联通;4G:电信</td></tr><tr><td>3G网络制式</td><td>3G:移动;3G:联通;3G:电信</td></tr><tr><td>2G网络制式</td><td>2G:移动联通+电信</td></tr><tr><td>双卡机类型</td><td>双卡双待单通</td></tr><tr><td>其它</td><td>副SIM卡与存储卡二选一</td></tr></table><p>存储</p><table id="param_tab3"><tr><td>机身内存</td><td>32GB</td></tr><tr><td>运行内存</td><td>32GB</td></tr></table>', 150123456789, 2968, 1,NULL,NULL),
(NULL, 2, 'Apple iPhone 8 Plus  移动联通电信4G手机  A1864 ', '5月焕新季，领券买新机！神券满6000减600！一体成型金属机身，纤薄轻巧，长达12小时续航', '5599.00', '*退货补运费 *30天无忧退货 *48小时快速退款 *72小时发货', '双核i5/8GB内存/128GB闪存', '荣耀（Honnor）', '荣耀', '32G', '5.65英寸全面屏（18:9）', 'EMUI8.0智慧化系统', '前后各置200万像素+1300万像素', '其它', '拍人拍景都出色', '32GB', '<p>规格参数</p><table id="param_tab1"><tr><td>包装清单</td><td>手机*1、充电器*1、USB线*1、快速指南*1、三包凭证*1</td></tr><tr><td>品牌</td><td>华为(HUAWEI)</td></tr><tr><td>型号</td><td>畅享7s(FIG-AL00)</td></tr><tr><td>上市年份</td><td>2017年12月</td></tr><tr><td>输入方式</td><td>触控</td></tr><tr><td>智能机</td><td>是</td></tr><tr><td>操作系统</td><td>Android</td></tr><tr><td>CPU品牌</td><td>海思(Hisilicon)</td></tr><tr><td>CPU频率</td><td>4*Cprtex-A53 2.36GHz+4*Cortex-A53 1.7GHz</td></tr><tr><td>CPU核数</td><td>八核</td></tr><tr><td>指纹识别</td><td>支持</td></tr></table><p>网络</p><table id="param_tab2"><tr><td>4G网络制式</td><td>4G:移动;4G:联通;4G:电信</td></tr><tr><td>3G网络制式</td><td>3G:移动;3G:联通;3G:电信</td></tr><tr><td>2G网络制式</td><td>2G:移动联通+电信</td></tr><tr><td>双卡机类型</td><td>双卡双待单通</td></tr><tr><td>其它</td><td>副SIM卡与存储卡二选一</td></tr></table><p>存储</p><table id="param_tab3"><tr><td>机身内存</td><td>32GB</td></tr><tr><td>运行内存</td><td>32GB</td></tr></table>', 150123456789, 2968, 1,NULL,NULL),
(NULL, 3, '小米MIX2 全网通', '5月焕新季，领券买新机！神券满6000减600！一体成型金属机身，纤薄轻巧，长达12小时续航', '999.00', '*退货补运费 *30天无忧退货 *48小时快速退款 *72小时发货', '双核i5/8GB内存/128GB闪存', '荣耀（Honnor）', '荣耀', '32G', '5.65英寸全面屏（18:9）', 'EMUI8.0智慧化系统', '前后各置200万像素+1300万像素', '其它', '拍人拍景都出色', '32GB', '<p>规格参数</p><table id="param_tab1"><tr><td>包装清单</td><td>手机*1、充电器*1、USB线*1、快速指南*1、三包凭证*1</td></tr><tr><td>品牌</td><td>华为(HUAWEI)</td></tr><tr><td>型号</td><td>畅享7s(FIG-AL00)</td></tr><tr><td>上市年份</td><td>2017年12月</td></tr><tr><td>输入方式</td><td>触控</td></tr><tr><td>智能机</td><td>是</td></tr><tr><td>操作系统</td><td>Android</td></tr><tr><td>CPU品牌</td><td>海思(Hisilicon)</td></tr><tr><td>CPU频率</td><td>4*Cprtex-A53 2.36GHz+4*Cortex-A53 1.7GHz</td></tr><tr><td>CPU核数</td><td>八核</td></tr><tr><td>指纹识别</td><td>支持</td></tr></table><p>网络</p><table id="param_tab2"><tr><td>4G网络制式</td><td>4G:移动;4G:联通;4G:电信</td></tr><tr><td>3G网络制式</td><td>3G:移动;3G:联通;3G:电信</td></tr><tr><td>2G网络制式</td><td>2G:移动联通+电信</td></tr><tr><td>双卡机类型</td><td>双卡双待单通</td></tr><tr><td>其它</td><td>副SIM卡与存储卡二选一</td></tr></table><p>存储</p><table id="param_tab3"><tr><td>机身内存</td><td>32GB</td></tr><tr><td>运行内存</td><td>32GB</td></tr></table>', 150123456789, 2968, 1,NULL,NULL),
(NULL, 3, '小米5X 全网通 4GB+64GB  移动联通电信4G手机 双卡双待 【每个ID、每个顾客限购1台】', '5月焕新季，领券买新机！神券满6000减600！一体成型金属机身，纤薄轻巧，长达12小时续航', '2599.00', '*退货补运费 *30天无忧退货 *48小时快速退款 *72小时发货', '双核i5/8GB内存/128GB闪存', '荣耀（Honnor）', '荣耀', '32G', '5.65英寸全面屏（18:9）', 'EMUI8.0智慧化系统', '前后各置200万像素+1300万像素', '其它', '拍人拍景都出色', '32GB', '<p>规格参数</p><table id="param_tab1"><tr><td>包装清单</td><td>手机*1、充电器*1、USB线*1、快速指南*1、三包凭证*1</td></tr><tr><td>品牌</td><td>华为(HUAWEI)</td></tr><tr><td>型号</td><td>畅享7s(FIG-AL00)</td></tr><tr><td>上市年份</td><td>2017年12月</td></tr><tr><td>输入方式</td><td>触控</td></tr><tr><td>智能机</td><td>是</td></tr><tr><td>操作系统</td><td>Android</td></tr><tr><td>CPU品牌</td><td>海思(Hisilicon)</td></tr><tr><td>CPU频率</td><td>4*Cprtex-A53 2.36GHz+4*Cortex-A53 1.7GHz</td></tr><tr><td>CPU核数</td><td>八核</td></tr><tr><td>指纹识别</td><td>支持</td></tr></table><p>网络</p><table id="param_tab2"><tr><td>4G网络制式</td><td>4G:移动;4G:联通;4G:电信</td></tr><tr><td>3G网络制式</td><td>3G:移动;3G:联通;3G:电信</td></tr><tr><td>2G网络制式</td><td>2G:移动联通+电信</td></tr><tr><td>双卡机类型</td><td>双卡双待单通</td></tr><tr><td>其它</td><td>副SIM卡与存储卡二选一</td></tr></table><p>存储</p><table id="param_tab3"><tr><td>机身内存</td><td>32GB</td></tr><tr><td>运行内存</td><td>32GB</td></tr></table>', 150123456789, 2968, 1,NULL,NULL),
(NULL, 3, '小米6  陶瓷黑尊享版 128GB 全网通 移动联通电信4G手机 双卡双待 ', '5月焕新季，领券买新机！神券满6000减600！一体成型金属机身，纤薄轻巧，长达12小时续航', '6499.00', '*退货补运费 *30天无忧退货 *48小时快速退款 *72小时发货', '双核i5/8GB内存/128GB闪存', '荣耀（Honnor）', '荣耀', '32G', '5.65英寸全面屏（18:9）', 'EMUI8.0智慧化系统', '前后各置200万像素+1300万像素', '其它', '拍人拍景都出色', '32GB', '<p>规格参数</p><table id="param_tab1"><tr><td>包装清单</td><td>手机*1、充电器*1、USB线*1、快速指南*1、三包凭证*1</td></tr><tr><td>品牌</td><td>华为(HUAWEI)</td></tr><tr><td>型号</td><td>畅享7s(FIG-AL00)</td></tr><tr><td>上市年份</td><td>2017年12月</td></tr><tr><td>输入方式</td><td>触控</td></tr><tr><td>智能机</td><td>是</td></tr><tr><td>操作系统</td><td>Android</td></tr><tr><td>CPU品牌</td><td>海思(Hisilicon)</td></tr><tr><td>CPU频率</td><td>4*Cprtex-A53 2.36GHz+4*Cortex-A53 1.7GHz</td></tr><tr><td>CPU核数</td><td>八核</td></tr><tr><td>指纹识别</td><td>支持</td></tr></table><p>网络</p><table id="param_tab2"><tr><td>4G网络制式</td><td>4G:移动;4G:联通;4G:电信</td></tr><tr><td>3G网络制式</td><td>3G:移动;3G:联通;3G:电信</td></tr><tr><td>2G网络制式</td><td>2G:移动联通+电信</td></tr><tr><td>双卡机类型</td><td>双卡双待单通</td></tr><tr><td>其它</td><td>副SIM卡与存储卡二选一</td></tr></table><p>存储</p><table id="param_tab3"><tr><td>机身内存</td><td>32GB</td></tr><tr><td>运行内存</td><td>32GB</td></tr></table>', 150123456789, 2968, 1,NULL,NULL),
(NULL, 3, '小米 MIX  8GB+128GB 全陶瓷黑版 全网通 移动联通电信4G手机MDE5  双卡双待', '5月焕新季，领券买新机！神券满6000减600！一体成型金属机身，纤薄轻巧，长达12小时续航', '8499.00', '*退货补运费 *30天无忧退货 *48小时快速退款 *72小时发货', '双核i5/8GB内存/128GB闪存', '荣耀（Honnor）', '荣耀', '32G', '5.65英寸全面屏（18:9）', 'EMUI8.0智慧化系统', '前后各置200万像素+1300万像素', '其它', '拍人拍景都出色', '32GB', '<p>规格参数</p><table id="param_tab1"><tr><td>包装清单</td><td>手机*1、充电器*1、USB线*1、快速指南*1、三包凭证*1</td></tr><tr><td>品牌</td><td>华为(HUAWEI)</td></tr><tr><td>型号</td><td>畅享7s(FIG-AL00)</td></tr><tr><td>上市年份</td><td>2017年12月</td></tr><tr><td>输入方式</td><td>触控</td></tr><tr><td>智能机</td><td>是</td></tr><tr><td>操作系统</td><td>Android</td></tr><tr><td>CPU品牌</td><td>海思(Hisilicon)</td></tr><tr><td>CPU频率</td><td>4*Cprtex-A53 2.36GHz+4*Cortex-A53 1.7GHz</td></tr><tr><td>CPU核数</td><td>八核</td></tr><tr><td>指纹识别</td><td>支持</td></tr></table><p>网络</p><table id="param_tab2"><tr><td>4G网络制式</td><td>4G:移动;4G:联通;4G:电信</td></tr><tr><td>3G网络制式</td><td>3G:移动;3G:联通;3G:电信</td></tr><tr><td>2G网络制式</td><td>2G:移动联通+电信</td></tr><tr><td>双卡机类型</td><td>双卡双待单通</td></tr><tr><td>其它</td><td>副SIM卡与存储卡二选一</td></tr></table><p>存储</p><table id="param_tab3"><tr><td>机身内存</td><td>32GB</td></tr><tr><td>运行内存</td><td>32GB</td></tr></table>', 150123456789, 2968, 1,NULL,NULL),
(NULL, 3, '小米（MI）Max2  4GB+128GB  全网通 移动联通电信4G手机', '5月焕新季，领券买新机！神券满6000减600！一体成型金属机身，纤薄轻巧，长达12小时续航', '9999.00', '*退货补运费 *30天无忧退货 *48小时快速退款 *72小时发货', '双核i5/8GB内存/128GB闪存', '荣耀（Honnor）', '荣耀', '32G', '5.65英寸全面屏（18:9）', 'EMUI8.0智慧化系统', '前后各置200万像素+1300万像素', '其它', '拍人拍景都出色', '32GB', '<p>规格参数</p><table id="param_tab1"><tr><td>包装清单</td><td>手机*1、充电器*1、USB线*1、快速指南*1、三包凭证*1</td></tr><tr><td>品牌</td><td>华为(HUAWEI)</td></tr><tr><td>型号</td><td>畅享7s(FIG-AL00)</td></tr><tr><td>上市年份</td><td>2017年12月</td></tr><tr><td>输入方式</td><td>触控</td></tr><tr><td>智能机</td><td>是</td></tr><tr><td>操作系统</td><td>Android</td></tr><tr><td>CPU品牌</td><td>海思(Hisilicon)</td></tr><tr><td>CPU频率</td><td>4*Cprtex-A53 2.36GHz+4*Cortex-A53 1.7GHz</td></tr><tr><td>CPU核数</td><td>八核</td></tr><tr><td>指纹识别</td><td>支持</td></tr></table><p>网络</p><table id="param_tab2"><tr><td>4G网络制式</td><td>4G:移动;4G:联通;4G:电信</td></tr><tr><td>3G网络制式</td><td>3G:移动;3G:联通;3G:电信</td></tr><tr><td>2G网络制式</td><td>2G:移动联通+电信</td></tr><tr><td>双卡机类型</td><td>双卡双待单通</td></tr><tr><td>其它</td><td>副SIM卡与存储卡二选一</td></tr></table><p>存储</p><table id="param_tab3"><tr><td>机身内存</td><td>32GB</td></tr><tr><td>运行内存</td><td>32GB</td></tr></table>', 150123456789, 2968, 1,NULL,NULL),
(NULL, 3, ' 小米 MIX2  8GB+128GB  全陶瓷尊享版 皓月白  全网通 移动联通电信4G手机 双卡双待 MDE5', '5月焕新季，领券买新机！神券满6000减600！一体成型金属机身，纤薄轻巧，长达12小时续航', '1499.00', '*退货补运费 *30天无忧退货 *48小时快速退款 *72小时发货', '双核i5/8GB内存/128GB闪存', '荣耀（Honnor）', '荣耀', '32G', '5.65英寸全面屏（18:9）', 'EMUI8.0智慧化系统', '前后各置200万像素+1300万像素', '其它', '拍人拍景都出色', '32GB', '<p>规格参数</p><table id="param_tab1"><tr><td>包装清单</td><td>手机*1、充电器*1、USB线*1、快速指南*1、三包凭证*1</td></tr><tr><td>品牌</td><td>华为(HUAWEI)</td></tr><tr><td>型号</td><td>畅享7s(FIG-AL00)</td></tr><tr><td>上市年份</td><td>2017年12月</td></tr><tr><td>输入方式</td><td>触控</td></tr><tr><td>智能机</td><td>是</td></tr><tr><td>操作系统</td><td>Android</td></tr><tr><td>CPU品牌</td><td>海思(Hisilicon)</td></tr><tr><td>CPU频率</td><td>4*Cprtex-A53 2.36GHz+4*Cortex-A53 1.7GHz</td></tr><tr><td>CPU核数</td><td>八核</td></tr><tr><td>指纹识别</td><td>支持</td></tr></table><p>网络</p><table id="param_tab2"><tr><td>4G网络制式</td><td>4G:移动;4G:联通;4G:电信</td></tr><tr><td>3G网络制式</td><td>3G:移动;3G:联通;3G:电信</td></tr><tr><td>2G网络制式</td><td>2G:移动联通+电信</td></tr><tr><td>双卡机类型</td><td>双卡双待单通</td></tr><tr><td>其它</td><td>副SIM卡与存储卡二选一</td></tr></table><p>存储</p><table id="param_tab3"><tr><td>机身内存</td><td>32GB</td></tr><tr><td>运行内存</td><td>32GB</td></tr></table>', 150123456789, 2968, 1,NULL,NULL),
(NULL, 3, '小米Note3 全网通 6GB运存  移动联通电信4G手机 双卡双待 MCE8', '5月焕新季，领券买新机！神券满6000减600！一体成型金属机身，纤薄轻巧，长达12小时续航', '9999.00', '*退货补运费 *30天无忧退货 *48小时快速退款 *72小时发货', '双核i5/8GB内存/128GB闪存', '荣耀（Honnor）', '荣耀', '32G', '5.65英寸全面屏（18:9）', 'EMUI8.0智慧化系统', '前后各置200万像素+1300万像素', '其它', '拍人拍景都出色', '32GB', '<p>规格参数</p><table id="param_tab1"><tr><td>包装清单</td><td>手机*1、充电器*1、USB线*1、快速指南*1、三包凭证*1</td></tr><tr><td>品牌</td><td>华为(HUAWEI)</td></tr><tr><td>型号</td><td>畅享7s(FIG-AL00)</td></tr><tr><td>上市年份</td><td>2017年12月</td></tr><tr><td>输入方式</td><td>触控</td></tr><tr><td>智能机</td><td>是</td></tr><tr><td>操作系统</td><td>Android</td></tr><tr><td>CPU品牌</td><td>海思(Hisilicon)</td></tr><tr><td>CPU频率</td><td>4*Cprtex-A53 2.36GHz+4*Cortex-A53 1.7GHz</td></tr><tr><td>CPU核数</td><td>八核</td></tr><tr><td>指纹识别</td><td>支持</td></tr></table><p>网络</p><table id="param_tab2"><tr><td>4G网络制式</td><td>4G:移动;4G:联通;4G:电信</td></tr><tr><td>3G网络制式</td><td>3G:移动;3G:联通;3G:电信</td></tr><tr><td>2G网络制式</td><td>2G:移动联通+电信</td></tr><tr><td>双卡机类型</td><td>双卡双待单通</td></tr><tr><td>其它</td><td>副SIM卡与存储卡二选一</td></tr></table><p>存储</p><table id="param_tab3"><tr><td>机身内存</td><td>32GB</td></tr><tr><td>运行内存</td><td>32GB</td></tr></table>', 150123456789, 2968, 1,NULL,NULL),
(NULL, 3, '小米5X  4GB+64GB 移动优先全网通 娱乐手机 双卡双待', '5月焕新季，领券买新机！神券满6000减600！一体成型金属机身，纤薄轻巧，长达12小时续航', '1859.00', '*退货补运费 *30天无忧退货 *48小时快速退款 *72小时发货', '双核i5/8GB内存/128GB闪存', '荣耀（Honnor）', '荣耀', '32G', '5.65英寸全面屏（18:9）', 'EMUI8.0智慧化系统', '前后各置200万像素+1300万像素', '其它', '拍人拍景都出色', '32GB', '<p>规格参数</p><table id="param_tab1"><tr><td>包装清单</td><td>手机*1、充电器*1、USB线*1、快速指南*1、三包凭证*1</td></tr><tr><td>品牌</td><td>华为(HUAWEI)</td></tr><tr><td>型号</td><td>畅享7s(FIG-AL00)</td></tr><tr><td>上市年份</td><td>2017年12月</td></tr><tr><td>输入方式</td><td>触控</td></tr><tr><td>智能机</td><td>是</td></tr><tr><td>操作系统</td><td>Android</td></tr><tr><td>CPU品牌</td><td>海思(Hisilicon)</td></tr><tr><td>CPU频率</td><td>4*Cprtex-A53 2.36GHz+4*Cortex-A53 1.7GHz</td></tr><tr><td>CPU核数</td><td>八核</td></tr><tr><td>指纹识别</td><td>支持</td></tr></table><p>网络</p><table id="param_tab2"><tr><td>4G网络制式</td><td>4G:移动;4G:联通;4G:电信</td></tr><tr><td>3G网络制式</td><td>3G:移动;3G:联通;3G:电信</td></tr><tr><td>2G网络制式</td><td>2G:移动联通+电信</td></tr><tr><td>双卡机类型</td><td>双卡双待单通</td></tr><tr><td>其它</td><td>副SIM卡与存储卡二选一</td></tr></table><p>存储</p><table id="param_tab3"><tr><td>机身内存</td><td>32GB</td></tr><tr><td>运行内存</td><td>32GB</td></tr></table>', 150123456789, 2968, 1,NULL,NULL),
(NULL, 4, 'Apple MacBook Pro 15英寸笔记本(深空灰)', '5月焕新季，领券买新机！神券满6000减600！一体成型金属机身，纤薄轻巧，长达12小时续航', '1599.00', '*退货补运费 *30天无忧退货 *48小时快速退款 *72小时发货', '双核i5/8GB内存/128GB闪存', '荣耀（Honnor）', '荣耀', '32G', '5.65英寸全面屏（18:9）', 'EMUI8.0智慧化系统', '前后各置200万像素+1300万像素', '其它', '拍人拍景都出色', '32GB', '<p>规格参数</p><table id="param_tab1"><tr><td>包装清单</td><td>手机*1、充电器*1、USB线*1、快速指南*1、三包凭证*1</td></tr><tr><td>品牌</td><td>华为(HUAWEI)</td></tr><tr><td>型号</td><td>畅享7s(FIG-AL00)</td></tr><tr><td>上市年份</td><td>2017年12月</td></tr><tr><td>输入方式</td><td>触控</td></tr><tr><td>智能机</td><td>是</td></tr><tr><td>操作系统</td><td>Android</td></tr><tr><td>CPU品牌</td><td>海思(Hisilicon)</td></tr><tr><td>CPU频率</td><td>4*Cprtex-A53 2.36GHz+4*Cortex-A53 1.7GHz</td></tr><tr><td>CPU核数</td><td>八核</td></tr><tr><td>指纹识别</td><td>支持</td></tr></table><p>网络</p><table id="param_tab2"><tr><td>4G网络制式</td><td>4G:移动;4G:联通;4G:电信</td></tr><tr><td>3G网络制式</td><td>3G:移动;3G:联通;3G:电信</td></tr><tr><td>2G网络制式</td><td>2G:移动联通+电信</td></tr><tr><td>双卡机类型</td><td>双卡双待单通</td></tr><tr><td>其它</td><td>副SIM卡与存储卡二选一</td></tr></table><p>存储</p><table id="param_tab3"><tr><td>机身内存</td><td>32GB</td></tr><tr><td>运行内存</td><td>32GB</td></tr></table>', 150123456789, 2968, 1,NULL,NULL),
(NULL, 4, 'Apple MacBook 12英寸笔记本电脑 MNYM2CH/A（2017款Core m3/8GB运存/集成显卡/256GB SSD）玫瑰金色', '5月焕新季，领券买新机！神券满6000减600！一体成型金属机身，纤薄轻巧，长达12小时续航', '4499.00', '*退货补运费 *30天无忧退货 *48小时快速退款 *72小时发货', '双核i5/8GB内存/128GB闪存', '荣耀（Honnor）', '荣耀', '32G', '5.65英寸全面屏（18:9）', 'EMUI8.0智慧化系统', '前后各置200万像素+1300万像素', '其它', '拍人拍景都出色', '32GB', '<p>规格参数</p><table id="param_tab1"><tr><td>包装清单</td><td>手机*1、充电器*1、USB线*1、快速指南*1、三包凭证*1</td></tr><tr><td>品牌</td><td>华为(HUAWEI)</td></tr><tr><td>型号</td><td>畅享7s(FIG-AL00)</td></tr><tr><td>上市年份</td><td>2017年12月</td></tr><tr><td>输入方式</td><td>触控</td></tr><tr><td>智能机</td><td>是</td></tr><tr><td>操作系统</td><td>Android</td></tr><tr><td>CPU品牌</td><td>海思(Hisilicon)</td></tr><tr><td>CPU频率</td><td>4*Cprtex-A53 2.36GHz+4*Cortex-A53 1.7GHz</td></tr><tr><td>CPU核数</td><td>八核</td></tr><tr><td>指纹识别</td><td>支持</td></tr></table><p>网络</p><table id="param_tab2"><tr><td>4G网络制式</td><td>4G:移动;4G:联通;4G:电信</td></tr><tr><td>3G网络制式</td><td>3G:移动;3G:联通;3G:电信</td></tr><tr><td>2G网络制式</td><td>2G:移动联通+电信</td></tr><tr><td>双卡机类型</td><td>双卡双待单通</td></tr><tr><td>其它</td><td>副SIM卡与存储卡二选一</td></tr></table><p>存储</p><table id="param_tab3"><tr><td>机身内存</td><td>32GB</td></tr><tr><td>运行内存</td><td>32GB</td></tr></table>', 150123456789, 2968, 1,NULL,NULL),
(NULL, 4, 'Apple MacBookPro 15英寸配Touch Bar笔记本电脑（第七代Core i7/ 16G运存/ 256G固态硬盘）', '5月焕新季，领券买新机！神券满6000减600！一体成型金属机身，纤薄轻巧，长达12小时续航', '6699.00', '*退货补运费 *30天无忧退货 *48小时快速退款 *72小时发货', '双核i5/8GB内存/128GB闪存', '荣耀（Honnor）', '荣耀', '32G', '5.65英寸全面屏（18:9）', 'EMUI8.0智慧化系统', '前后各置200万像素+1300万像素', '其它', '拍人拍景都出色', '32GB', '<p>规格参数</p><table id="param_tab1"><tr><td>包装清单</td><td>手机*1、充电器*1、USB线*1、快速指南*1、三包凭证*1</td></tr><tr><td>品牌</td><td>华为(HUAWEI)</td></tr><tr><td>型号</td><td>畅享7s(FIG-AL00)</td></tr><tr><td>上市年份</td><td>2017年12月</td></tr><tr><td>输入方式</td><td>触控</td></tr><tr><td>智能机</td><td>是</td></tr><tr><td>操作系统</td><td>Android</td></tr><tr><td>CPU品牌</td><td>海思(Hisilicon)</td></tr><tr><td>CPU频率</td><td>4*Cprtex-A53 2.36GHz+4*Cortex-A53 1.7GHz</td></tr><tr><td>CPU核数</td><td>八核</td></tr><tr><td>指纹识别</td><td>支持</td></tr></table><p>网络</p><table id="param_tab2"><tr><td>4G网络制式</td><td>4G:移动;4G:联通;4G:电信</td></tr><tr><td>3G网络制式</td><td>3G:移动;3G:联通;3G:电信</td></tr><tr><td>2G网络制式</td><td>2G:移动联通+电信</td></tr><tr><td>双卡机类型</td><td>双卡双待单通</td></tr><tr><td>其它</td><td>副SIM卡与存储卡二选一</td></tr></table><p>存储</p><table id="param_tab3"><tr><td>机身内存</td><td>32GB</td></tr><tr><td>运行内存</td><td>32GB</td></tr></table>', 150123456789, 2968, 1,NULL,NULL),
(NULL, 4, 'Apple MacBook Pro 13.3英寸笔记本电脑 深空灰色（Multi-Touch Bar/Core i5/8GB/256GB MPXV2CH/A）', '5月焕新季，领券买新机！神券满6000减600！一体成型金属机身，纤薄轻巧，长达12小时续航', '7799.00', '*退货补运费 *30天无忧退货 *48小时快速退款 *72小时发货', '双核i5/8GB内存/128GB闪存', '荣耀（Honnor）', '荣耀', '32G', '5.65英寸全面屏（18:9）', 'EMUI8.0智慧化系统', '前后各置200万像素+1300万像素', '其它', '拍人拍景都出色', '32GB', '<p>规格参数</p><table id="param_tab1"><tr><td>包装清单</td><td>手机*1、充电器*1、USB线*1、快速指南*1、三包凭证*1</td></tr><tr><td>品牌</td><td>华为(HUAWEI)</td></tr><tr><td>型号</td><td>畅享7s(FIG-AL00)</td></tr><tr><td>上市年份</td><td>2017年12月</td></tr><tr><td>输入方式</td><td>触控</td></tr><tr><td>智能机</td><td>是</td></tr><tr><td>操作系统</td><td>Android</td></tr><tr><td>CPU品牌</td><td>海思(Hisilicon)</td></tr><tr><td>CPU频率</td><td>4*Cprtex-A53 2.36GHz+4*Cortex-A53 1.7GHz</td></tr><tr><td>CPU核数</td><td>八核</td></tr><tr><td>指纹识别</td><td>支持</td></tr></table><p>网络</p><table id="param_tab2"><tr><td>4G网络制式</td><td>4G:移动;4G:联通;4G:电信</td></tr><tr><td>3G网络制式</td><td>3G:移动;3G:联通;3G:电信</td></tr><tr><td>2G网络制式</td><td>2G:移动联通+电信</td></tr><tr><td>双卡机类型</td><td>双卡双待单通</td></tr><tr><td>其它</td><td>副SIM卡与存储卡二选一</td></tr></table><p>存储</p><table id="param_tab3"><tr><td>机身内存</td><td>32GB</td></tr><tr><td>运行内存</td><td>32GB</td></tr></table>', 150123456789, 2968, 1,NULL,NULL),
(NULL, 4, 'Apple MacBook Air 13.3英寸笔记本电脑 银色(Core i5 处理器/8GB内存/256GB闪存 MQD42CH/A) ', '5月焕新季，领券买新机！神券满6000减600！一体成型金属机身，纤薄轻巧，长达12小时续航', '7899.00', '*退货补运费 *30天无忧退货 *48小时快速退款 *72小时发货', '双核i5/8GB内存/128GB闪存', '荣耀（Honnor）', '荣耀', '32G', '5.65英寸全面屏（18:9）', 'EMUI8.0智慧化系统', '前后各置200万像素+1300万像素', '其它', '拍人拍景都出色', '32GB', '<p>规格参数</p><table id="param_tab1"><tr><td>包装清单</td><td>手机*1、充电器*1、USB线*1、快速指南*1、三包凭证*1</td></tr><tr><td>品牌</td><td>华为(HUAWEI)</td></tr><tr><td>型号</td><td>畅享7s(FIG-AL00)</td></tr><tr><td>上市年份</td><td>2017年12月</td></tr><tr><td>输入方式</td><td>触控</td></tr><tr><td>智能机</td><td>是</td></tr><tr><td>操作系统</td><td>Android</td></tr><tr><td>CPU品牌</td><td>海思(Hisilicon)</td></tr><tr><td>CPU频率</td><td>4*Cprtex-A53 2.36GHz+4*Cortex-A53 1.7GHz</td></tr><tr><td>CPU核数</td><td>八核</td></tr><tr><td>指纹识别</td><td>支持</td></tr></table><p>网络</p><table id="param_tab2"><tr><td>4G网络制式</td><td>4G:移动;4G:联通;4G:电信</td></tr><tr><td>3G网络制式</td><td>3G:移动;3G:联通;3G:电信</td></tr><tr><td>2G网络制式</td><td>2G:移动联通+电信</td></tr><tr><td>双卡机类型</td><td>双卡双待单通</td></tr><tr><td>其它</td><td>副SIM卡与存储卡二选一</td></tr></table><p>存储</p><table id="param_tab3"><tr><td>机身内存</td><td>32GB</td></tr><tr><td>运行内存</td><td>32GB</td></tr></table>', 150123456789, 2968, 1,NULL,NULL),
(NULL, 4, 'Apple MacBook Air 12.1英寸笔记本电脑 银色(Core i5 处理器/8GB内存/128GB闪存 MQD32CH/A)', '5月焕新季，领券买新机！神券满6000减600！一体成型金属机身，纤薄轻巧，长达12小时续航', '7899.00', '*退货补运费 *30天无忧退货 *48小时快速退款 *72小时发货', '双核i5/8GB内存/128GB闪存', '荣耀（Honnor）', '荣耀', '32G', '5.65英寸全面屏（18:9）', 'EMUI8.0智慧化系统', '前后各置200万像素+1300万像素', '其它', '拍人拍景都出色', '32GB', '<p>规格参数</p><table id="param_tab1"><tr><td>包装清单</td><td>手机*1、充电器*1、USB线*1、快速指南*1、三包凭证*1</td></tr><tr><td>品牌</td><td>华为(HUAWEI)</td></tr><tr><td>型号</td><td>畅享7s(FIG-AL00)</td></tr><tr><td>上市年份</td><td>2017年12月</td></tr><tr><td>输入方式</td><td>触控</td></tr><tr><td>智能机</td><td>是</td></tr><tr><td>操作系统</td><td>Android</td></tr><tr><td>CPU品牌</td><td>海思(Hisilicon)</td></tr><tr><td>CPU频率</td><td>4*Cprtex-A53 2.36GHz+4*Cortex-A53 1.7GHz</td></tr><tr><td>CPU核数</td><td>八核</td></tr><tr><td>指纹识别</td><td>支持</td></tr></table><p>网络</p><table id="param_tab2"><tr><td>4G网络制式</td><td>4G:移动;4G:联通;4G:电信</td></tr><tr><td>3G网络制式</td><td>3G:移动;3G:联通;3G:电信</td></tr><tr><td>2G网络制式</td><td>2G:移动联通+电信</td></tr><tr><td>双卡机类型</td><td>双卡双待单通</td></tr><tr><td>其它</td><td>副SIM卡与存储卡二选一</td></tr></table><p>存储</p><table id="param_tab3"><tr><td>机身内存</td><td>32GB</td></tr><tr><td>运行内存</td><td>32GB</td></tr></table>', 150123456789, 2968, 1,NULL,NULL),
(NULL, 4, 'Apple MacBook Pro 12.1英寸配Touch Bar笔记本电脑 深空灰色 （Core i5处理器/8GB内存/512GB硬盘 MPXW2CH/A）', '5月焕新季，领券买新机！神券满6000减600！一体成型金属机身，纤薄轻巧，长达1小时续航', '10099.00', '*退货补运费 *30天无忧退货 *48小时快速退款 *72小时发货', '双核i5/8GB内存/128GB闪存', '荣耀（Honnor）', '荣耀', '32G', '5.65英寸全面屏（18:9）', 'EMUI8.0智慧化系统', '前后各置200万像素+1300万像素', '其它', '拍人拍景都出色', '32GB', '<p>规格参数</p><table id="param_tab1"><tr><td>包装清单</td><td>手机*1、充电器*1、USB线*1、快速指南*1、三包凭证*1</td></tr><tr><td>品牌</td><td>华为(HUAWEI)</td></tr><tr><td>型号</td><td>畅享7s(FIG-AL00)</td></tr><tr><td>上市年份</td><td>2017年12月</td></tr><tr><td>输入方式</td><td>触控</td></tr><tr><td>智能机</td><td>是</td></tr><tr><td>操作系统</td><td>Android</td></tr><tr><td>CPU品牌</td><td>海思(Hisilicon)</td></tr><tr><td>CPU频率</td><td>4*Cprtex-A53 2.36GHz+4*Cortex-A53 1.7GHz</td></tr><tr><td>CPU核数</td><td>八核</td></tr><tr><td>指纹识别</td><td>支持</td></tr></table><p>网络</p><table id="param_tab2"><tr><td>4G网络制式</td><td>4G:移动;4G:联通;4G:电信</td></tr><tr><td>3G网络制式</td><td>3G:移动;3G:联通;3G:电信</td></tr><tr><td>2G网络制式</td><td>2G:移动联通+电信</td></tr><tr><td>双卡机类型</td><td>双卡双待单通</td></tr><tr><td>其它</td><td>副SIM卡与存储卡二选一</td></tr></table><p>存储</p><table id="param_tab3"><tr><td>机身内存</td><td>32GB</td></tr><tr><td>运行内存</td><td>32GB</td></tr></table><', 150123456789, 2968, 1,NULL,NULL),
(NULL, 5, '戴尔（Dell）VOSTRO  23.8英寸一体机 5460-R2548BS(银）', '5月焕新季，领券买新机！神券满6000减600！一体成型金属机身，纤薄轻巧，长达12小时续航', '3399.00', '*退货补运费 *30天无忧退货 *48小时快速退款 *72小时发货', '双核i5/8GB内存/128GB闪存', '荣耀（Honnor）', '荣耀', '32G', '5.65英寸全面屏（18:9）', 'EMUI8.0智慧化系统', '前后各置200万像素+1300万像素', '其它', '拍人拍景都出色', '32GB', '<p>规格参数</p><table id="param_tab1"><tr><td>包装清单</td><td>手机*1、充电器*1、USB线*1、快速指南*1、三包凭证*1</td></tr><tr><td>品牌</td><td>华为(HUAWEI)</td></tr><tr><td>型号</td><td>畅享7s(FIG-AL00)</td></tr><tr><td>上市年份</td><td>2017年12月</td></tr><tr><td>输入方式</td><td>触控</td></tr><tr><td>智能机</td><td>是</td></tr><tr><td>操作系统</td><td>Android</td></tr><tr><td>CPU品牌</td><td>海思(Hisilicon)</td></tr><tr><td>CPU频率</td><td>4*Cprtex-A53 2.36GHz+4*Cortex-A53 1.7GHz</td></tr><tr><td>CPU核数</td><td>八核</td></tr><tr><td>指纹识别</td><td>支持</td></tr></table><p>网络</p><table id="param_tab2"><tr><td>4G网络制式</td><td>4G:移动;4G:联通;4G:电信</td></tr><tr><td>3G网络制式</td><td>3G:移动;3G:联通;3G:电信</td></tr><tr><td>2G网络制式</td><td>2G:移动联通+电信</td></tr><tr><td>双卡机类型</td><td>双卡双待单通</td></tr><tr><td>其它</td><td>副SIM卡与存储卡二选一</td></tr></table><p>存储</p><table id="param_tab3"><tr><td>机身内存</td><td>32GB</td></tr><tr><td>运行内存</td><td>32GB</td></tr></table>', 150123456789, 2968, 1,NULL,NULL),
(NULL, 5, ' 戴尔（DELL）Inspiron灵越13 7000系列 13.3英寸二合一笔记本电脑（i5-8250U/8GB系统内存/256GB固态硬盘/UHD620显卡）(银灰)', '5月焕新季，领券买新机！神券满6000减600！一体成型金属机身，纤薄轻巧，长达12小时续航', '2999.00', '*退货补运费 *30天无忧退货 *48小时快速退款 *72小时发货', '双核i5/8GB内存/128GB闪存', '荣耀（Honnor）', '荣耀', '32G', '5.65英寸全面屏（18:9）', 'EMUI8.0智慧化系统', '前后各置200万像素+1300万像素', '其它', '拍人拍景都出色', '32GB', '<p>规格参数</p><table id="param_tab1"><tr><td>包装清单</td><td>手机*1、充电器*1、USB线*1、快速指南*1、三包凭证*1</td></tr><tr><td>品牌</td><td>华为(HUAWEI)</td></tr><tr><td>型号</td><td>畅享7s(FIG-AL00)</td></tr><tr><td>上市年份</td><td>2017年12月</td></tr><tr><td>输入方式</td><td>触控</td></tr><tr><td>智能机</td><td>是</td></tr><tr><td>操作系统</td><td>Android</td></tr><tr><td>CPU品牌</td><td>海思(Hisilicon)</td></tr><tr><td>CPU频率</td><td>4*Cprtex-A53 2.36GHz+4*Cortex-A53 1.7GHz</td></tr><tr><td>CPU核数</td><td>八核</td></tr><tr><td>指纹识别</td><td>支持</td></tr></table><p>网络</p><table id="param_tab2"><tr><td>4G网络制式</td><td>4G:移动;4G:联通;4G:电信</td></tr><tr><td>3G网络制式</td><td>3G:移动;3G:联通;3G:电信</td></tr><tr><td>2G网络制式</td><td>2G:移动联通+电信</td></tr><tr><td>双卡机类型</td><td>双卡双待单通</td></tr><tr><td>其它</td><td>副SIM卡与存储卡二选一</td></tr></table><p>存储</p><table id="param_tab3"><tr><td>机身内存</td><td>32GB</td></tr><tr><td>运行内存</td><td>32GB</td></tr></table>', 150123456789, 2968, 1,NULL,NULL),
(NULL, 5, '戴尔（DELL）游匣 15.6英寸 笔记本电脑', '5月焕新季，领券买新机！神券满6000减600！一体成型金属机身，纤薄轻巧，长达12小时续航', '10499.00', '*退货补运费 *30天无忧退货 *48小时快速退款 *72小时发货', '双核i5/8GB内存/128GB闪存', '荣耀（Honnor）', '荣耀', '32G', '5.65英寸全面屏（18:9）', 'EMUI8.0智慧化系统', '前后各置200万像素+1300万像素', '其它', '拍人拍景都出色', '32GB', '<p>规格参数</p><table id="param_tab1"><tr><td>包装清单</td><td>手机*1、充电器*1、USB线*1、快速指南*1、三包凭证*1</td></tr><tr><td>品牌</td><td>华为(HUAWEI)</td></tr><tr><td>型号</td><td>畅享7s(FIG-AL00)</td></tr><tr><td>上市年份</td><td>2017年12月</td></tr><tr><td>输入方式</td><td>触控</td></tr><tr><td>智能机</td><td>是</td></tr><tr><td>操作系统</td><td>Android</td></tr><tr><td>CPU品牌</td><td>海思(Hisilicon)</td></tr><tr><td>CPU频率</td><td>4*Cprtex-A53 2.36GHz+4*Cortex-A53 1.7GHz</td></tr><tr><td>CPU核数</td><td>八核</td></tr><tr><td>指纹识别</td><td>支持</td></tr></table><p>网络</p><table id="param_tab2"><tr><td>4G网络制式</td><td>4G:移动;4G:联通;4G:电信</td></tr><tr><td>3G网络制式</td><td>3G:移动;3G:联通;3G:电信</td></tr><tr><td>2G网络制式</td><td>2G:移动联通+电信</td></tr><tr><td>双卡机类型</td><td>双卡双待单通</td></tr><tr><td>其它</td><td>副SIM卡与存储卡二选一</td></tr></table><p>存储</p><table id="param_tab3"><tr><td>机身内存</td><td>32GB</td></tr><tr><td>运行内存</td><td>32GB</td></tr></table>', 150123456789, 2968, 1,NULL,NULL),
(NULL, 5, '戴尔（DELL）灵越游戏7000 15.6英寸 游戏笔记本 Ins15-7577-R1765B（i7-7700HQ 16GB系统内存 GTX1060显卡 256G SSD+1TB机械硬盘）', '5月焕新季，领券买新机！神券满6000减600！一体成型金属机身，纤薄轻巧，长达12小时续航', '11299.00', '*退货补运费 *30天无忧退货 *48小时快速退款 *72小时发货', '双核i5/8GB内存/128GB闪存', '荣耀（Honnor）', '荣耀', '32G', '5.65英寸全面屏（18:9）', 'EMUI8.0智慧化系统', '前后各置200万像素+1300万像素', '其它', '拍人拍景都出色', '32GB', '<p>规格参数</p><table id="param_tab1"><tr><td>包装清单</td><td>手机*1、充电器*1、USB线*1、快速指南*1、三包凭证*1</td></tr><tr><td>品牌</td><td>华为(HUAWEI)</td></tr><tr><td>型号</td><td>畅享7s(FIG-AL00)</td></tr><tr><td>上市年份</td><td>2017年12月</td></tr><tr><td>输入方式</td><td>触控</td></tr><tr><td>智能机</td><td>是</td></tr><tr><td>操作系统</td><td>Android</td></tr><tr><td>CPU品牌</td><td>海思(Hisilicon)</td></tr><tr><td>CPU频率</td><td>4*Cprtex-A53 2.36GHz+4*Cortex-A53 1.7GHz</td></tr><tr><td>CPU核数</td><td>八核</td></tr><tr><td>指纹识别</td><td>支持</td></tr></table><p>网络</p><table id="param_tab2"><tr><td>4G网络制式</td><td>4G:移动;4G:联通;4G:电信</td></tr><tr><td>3G网络制式</td><td>3G:移动;3G:联通;3G:电信</td></tr><tr><td>2G网络制式</td><td>2G:移动联通+电信</td></tr><tr><td>双卡机类型</td><td>双卡双待单通</td></tr><tr><td>其它</td><td>副SIM卡与存储卡二选一</td></tr></table><p>存储</p><table id="param_tab3"><tr><td>机身内存</td><td>32GB</td></tr><tr><td>运行内存</td><td>32GB</td></tr></table>', 150123456789, 2968, 1,NULL,NULL),
(NULL, 5, '戴尔（DELL）灵越5570 15.6英寸超薄影音娱乐游戏笔记本（i5-8250U/4G系统内存/AMD R530 4G独显/128G固态硬盘+1T机械硬盘）', '5月焕新季，领券买新机！神券满6000减600！一体成型金属机身，纤薄轻巧，长达12小时续航', '¥11499.00', '*退货补运费 *30天无忧退货 *48小时快速退款 *72小时发货', '双核i5/8GB内存/128GB闪存', '荣耀（Honnor）', '荣耀', '32G', '5.65英寸全面屏（18:9）', 'EMUI8.0智慧化系统', '前后各置200万像素+1300万像素', '其它', '拍人拍景都出色', '32GB', '<p>规格参数</p><table id="param_tab1"><tr><td>包装清单</td><td>手机*1、充电器*1、USB线*1、快速指南*1、三包凭证*1</td></tr><tr><td>品牌</td><td>华为(HUAWEI)</td></tr><tr><td>型号</td><td>畅享7s(FIG-AL00)</td></tr><tr><td>上市年份</td><td>2017年12月</td></tr><tr><td>输入方式</td><td>触控</td></tr><tr><td>智能机</td><td>是</td></tr><tr><td>操作系统</td><td>Android</td></tr><tr><td>CPU品牌</td><td>海思(Hisilicon)</td></tr><tr><td>CPU频率</td><td>4*Cprtex-A53 2.36GHz+4*Cortex-A53 1.7GHz</td></tr><tr><td>CPU核数</td><td>八核</td></tr><tr><td>指纹识别</td><td>支持</td></tr></table><p>网络</p><table id="param_tab2"><tr><td>4G网络制式</td><td>4G:移动;4G:联通;4G:电信</td></tr><tr><td>3G网络制式</td><td>3G:移动;3G:联通;3G:电信</td></tr><tr><td>2G网络制式</td><td>2G:移动联通+电信</td></tr><tr><td>双卡机类型</td><td>双卡双待单通</td></tr><tr><td>其它</td><td>副SIM卡与存储卡二选一</td></tr></table><p>存储</p><table id="param_tab3"><tr><td>机身内存</td><td>32GB</td></tr><tr><td>运行内存</td><td>32GB</td></tr></table>', 150123456789, 2968, 1,NULL,NULL),
(NULL, 5, '戴尔（DELL）灵越燃7000 15.6英寸轻薄笔记本（i5-8250U/4G系统内存/MX150 4G独显/128G固态硬盘+500G机械硬盘）', '5月焕新季，领券买新机！神券满6000减600！一体成型金属机身，纤薄轻巧，长达12小时续航', '15499.00', '*退货补运费 *30天无忧退货 *48小时快速退款 *72小时发货', '双核i5/8GB内存/128GB闪存', '荣耀（Honnor）', '荣耀', '32G', '5.65英寸全面屏（18:9）', 'EMUI8.0智慧化系统', '前后各置200万像素+1300万像素', '其它', '拍人拍景都出色', '32GB', '<p>规格参数</p><table id="param_tab1"><tr><td>包装清单</td><td>手机*1、充电器*1、USB线*1、快速指南*1、三包凭证*1</td></tr><tr><td>品牌</td><td>华为(HUAWEI)</td></tr><tr><td>型号</td><td>畅享7s(FIG-AL00)</td></tr><tr><td>上市年份</td><td>2017年12月</td></tr><tr><td>输入方式</td><td>触控</td></tr><tr><td>智能机</td><td>是</td></tr><tr><td>操作系统</td><td>Android</td></tr><tr><td>CPU品牌</td><td>海思(Hisilicon)</td></tr><tr><td>CPU频率</td><td>4*Cprtex-A53 2.36GHz+4*Cortex-A53 1.7GHz</td></tr><tr><td>CPU核数</td><td>八核</td></tr><tr><td>指纹识别</td><td>支持</td></tr></table><p>网络</p><table id="param_tab2"><tr><td>4G网络制式</td><td>4G:移动;4G:联通;4G:电信</td></tr><tr><td>3G网络制式</td><td>3G:移动;3G:联通;3G:电信</td></tr><tr><td>2G网络制式</td><td>2G:移动联通+电信</td></tr><tr><td>双卡机类型</td><td>双卡双待单通</td></tr><tr><td>其它</td><td>副SIM卡与存储卡二选一</td></tr></table><p>存储</p><table id="param_tab3"><tr><td>机身内存</td><td>32GB</td></tr><tr><td>运行内存</td><td>32GB</td></tr></table>', 150123456789, 2968, 1,NULL,NULL),
(NULL, 5, '戴尔（DELL）灵越 笔记本电脑 13-7370-R1605 13.3英寸（i5-8250U/8GB运存/集成显卡/256GB SSD）', '5月焕新季，领券买新机！神券满6000减600！一体成型金属机身，纤薄轻巧，长达12小时续航', '15599.00', '*退货补运费 *30天无忧退货 *48小时快速退款 *72小时发货', '双核i5/8GB内存/128GB闪存', '荣耀（Honnor）', '荣耀', '32G', '5.65英寸全面屏（18:9）', 'EMUI8.0智慧化系统', '前后各置200万像素+1300万像素', '其它', '拍人拍景都出色', '32GB', '<p>规格参数</p><table id="param_tab1"><tr><td>包装清单</td><td>手机*1、充电器*1、USB线*1、快速指南*1、三包凭证*1</td></tr><tr><td>品牌</td><td>华为(HUAWEI)</td></tr><tr><td>型号</td><td>畅享7s(FIG-AL00)</td></tr><tr><td>上市年份</td><td>2017年12月</td></tr><tr><td>输入方式</td><td>触控</td></tr><tr><td>智能机</td><td>是</td></tr><tr><td>操作系统</td><td>Android</td></tr><tr><td>CPU品牌</td><td>海思(Hisilicon)</td></tr><tr><td>CPU频率</td><td>4*Cprtex-A53 2.36GHz+4*Cortex-A53 1.7GHz</td></tr><tr><td>CPU核数</td><td>八核</td></tr><tr><td>指纹识别</td><td>支持</td></tr></table><p>网络</p><table id="param_tab2"><tr><td>4G网络制式</td><td>4G:移动;4G:联通;4G:电信</td></tr><tr><td>3G网络制式</td><td>3G:移动;3G:联通;3G:电信</td></tr><tr><td>2G网络制式</td><td>2G:移动联通+电信</td></tr><tr><td>双卡机类型</td><td>双卡双待单通</td></tr><tr><td>其它</td><td>副SIM卡与存储卡二选一</td></tr></table><p>存储</p><table id="param_tab3"><tr><td>机身内存</td><td>32GB</td></tr><tr><td>运行内存</td><td>32GB</td></tr></table>', 150123456789, 2968, 1,NULL,NULL),
(NULL, 6, '惠普（HP）畅游人Pavilion 15.6英寸微边框笔记本电脑（i5-8250U/8GB系统内存/360GB固态硬盘/GeForce MX150独显）(银色)', '5月焕新季，领券买新机！神券满6000减600！一体成型金属机身，纤薄轻巧，长达12小时续航', '4699.00', '*退货补运费 *30天无忧退货 *48小时快速退款 *72小时发货', '双核i5/8GB内存/128GB闪存', '荣耀（Honnor）', '荣耀', '32G', '5.65英寸全面屏（18:9）', 'EMUI8.0智慧化系统', '前后各置200万像素+1300万像素', '其它', '拍人拍景都出色', '32GB', '<p>规格参数</p><table id="param_tab1"><tr><td>包装清单</td><td>手机*1、充电器*1、USB线*1、快速指南*1、三包凭证*1</td></tr><tr><td>品牌</td><td>华为(HUAWEI)</td></tr><tr><td>型号</td><td>畅享7s(FIG-AL00)</td></tr><tr><td>上市年份</td><td>2017年12月</td></tr><tr><td>输入方式</td><td>触控</td></tr><tr><td>智能机</td><td>是</td></tr><tr><td>操作系统</td><td>Android</td></tr><tr><td>CPU品牌</td><td>海思(Hisilicon)</td></tr><tr><td>CPU频率</td><td>4*Cprtex-A53 2.36GHz+4*Cortex-A53 1.7GHz</td></tr><tr><td>CPU核数</td><td>八核</td></tr><tr><td>指纹识别</td><td>支持</td></tr></table><p>网络</p><table id="param_tab2"><tr><td>4G网络制式</td><td>4G:移动;4G:联通;4G:电信</td></tr><tr><td>3G网络制式</td><td>3G:移动;3G:联通;3G:电信</td></tr><tr><td>2G网络制式</td><td>2G:移动联通+电信</td></tr><tr><td>双卡机类型</td><td>双卡双待单通</td></tr><tr><td>其它</td><td>副SIM卡与存储卡二选一</td></tr></table><p>存储</p><table id="param_tab3"><tr><td>机身内存</td><td>32GB</td></tr><tr><td>运行内存</td><td>32GB</td></tr></table>', 150123456789, 2968, 1,NULL,NULL),
(NULL, 6, '惠普（HP）ENVY 13-ad106TU 13.3英寸笔记本（i7-8550U/8GB系统内存/Intel UHD 620显卡/360GB固态硬盘）(银色) ', '5月焕新季，领券买新机！神券满6000减600！一体成型金属机身，纤薄轻巧，长达12小时续航', '4599.00', '*退货补运费 *30天无忧退货 *48小时快速退款 *72小时发货', '双核i5/8GB内存/128GB闪存', '荣耀（Honnor）', '荣耀', '32G', '5.65英寸全面屏（18:9）', 'EMUI8.0智慧化系统', '前后各置200万像素+1300万像素', '其它', '拍人拍景都出色', '32GB', '<p>规格参数</p><table id="param_tab1"><tr><td>包装清单</td><td>手机*1、充电器*1、USB线*1、快速指南*1、三包凭证*1</td></tr><tr><td>品牌</td><td>华为(HUAWEI)</td></tr><tr><td>型号</td><td>畅享7s(FIG-AL00)</td></tr><tr><td>上市年份</td><td>2017年12月</td></tr><tr><td>输入方式</td><td>触控</td></tr><tr><td>智能机</td><td>是</td></tr><tr><td>操作系统</td><td>Android</td></tr><tr><td>CPU品牌</td><td>海思(Hisilicon)</td></tr><tr><td>CPU频率</td><td>4*Cprtex-A53 2.36GHz+4*Cortex-A53 1.7GHz</td></tr><tr><td>CPU核数</td><td>八核</td></tr><tr><td>指纹识别</td><td>支持</td></tr></table><p>网络</p><table id="param_tab2"><tr><td>4G网络制式</td><td>4G:移动;4G:联通;4G:电信</td></tr><tr><td>3G网络制式</td><td>3G:移动;3G:联通;3G:电信</td></tr><tr><td>2G网络制式</td><td>2G:移动联通+电信</td></tr><tr><td>双卡机类型</td><td>双卡双待单通</td></tr><tr><td>其它</td><td>副SIM卡与存储卡二选一</td></tr></table><p>存储</p><table id="param_tab3"><tr><td>机身内存</td><td>32GB</td></tr><tr><td>运行内存</td><td>32GB</td></tr></table>', 150123456789, 2968, 1,NULL,NULL),
(NULL, 6, '惠普（HP）Spectre 13-V116tu 13.3英寸幽灵超轻薄笔记本（i7-7500U/8GB系统内存/256G固态硬盘/Win10系统）', '5月焕新季，领券买新机！神券满6000减600！一体成型金属机身，纤薄轻巧，长达12小时续航', '4599.00', '*退货补运费 *30天无忧退货 *48小时快速退款 *72小时发货', '双核i5/8GB内存/128GB闪存', '荣耀（Honnor）', '荣耀', '32G', '5.65英寸全面屏（18:9）', 'EMUI8.0智慧化系统', '前后各置200万像素+1300万像素', '其它', '拍人拍景都出色', '32GB', '<p>规格参数</p><table id="param_tab1"><tr><td>包装清单</td><td>手机*1、充电器*1、USB线*1、快速指南*1、三包凭证*1</td></tr><tr><td>品牌</td><td>华为(HUAWEI)</td></tr><tr><td>型号</td><td>畅享7s(FIG-AL00)</td></tr><tr><td>上市年份</td><td>2017年12月</td></tr><tr><td>输入方式</td><td>触控</td></tr><tr><td>智能机</td><td>是</td></tr><tr><td>操作系统</td><td>Android</td></tr><tr><td>CPU品牌</td><td>海思(Hisilicon)</td></tr><tr><td>CPU频率</td><td>4*Cprtex-A53 2.36GHz+4*Cortex-A53 1.7GHz</td></tr><tr><td>CPU核数</td><td>八核</td></tr><tr><td>指纹识别</td><td>支持</td></tr></table><p>网络</p><table id="param_tab2"><tr><td>4G网络制式</td><td>4G:移动;4G:联通;4G:电信</td></tr><tr><td>3G网络制式</td><td>3G:移动;3G:联通;3G:电信</td></tr><tr><td>2G网络制式</td><td>2G:移动联通+电信</td></tr><tr><td>双卡机类型</td><td>双卡双待单通</td></tr><tr><td>其它</td><td>副SIM卡与存储卡二选一</td></tr></table><p>存储</p><table id="param_tab3"><tr><td>机身内存</td><td>32GB</td></tr><tr><td>运行内存</td><td>32GB</td></tr></table>', 150123456789, 2968, 1,NULL,NULL),
(NULL, 6, '惠普（HP）Envy X360 15.6英寸 全尺寸背光键盘 笔记本电脑（i5-8250U/8G系统内存/128G SSD+1TB机械硬盘/MX150 4G独显）', '5月焕新季，领券买新机！神券满6000减600！一体成型金属机身，纤薄轻巧，长达12小时续航', '4599.00', '*退货补运费 *30天无忧退货 *48小时快速退款 *72小时发货', '双核i5/8GB内存/128GB闪存', '荣耀（Honnor）', '荣耀', '32G', '5.65英寸全面屏（18:9）', 'EMUI8.0智慧化系统', '前后各置200万像素+1300万像素', '其它', '拍人拍景都出色', '32GB', '<p>规格参数</p><table id="param_tab1"><tr><td>包装清单</td><td>手机*1、充电器*1、USB线*1、快速指南*1、三包凭证*1</td></tr><tr><td>品牌</td><td>华为(HUAWEI)</td></tr><tr><td>型号</td><td>畅享7s(FIG-AL00)</td></tr><tr><td>上市年份</td><td>2017年12月</td></tr><tr><td>输入方式</td><td>触控</td></tr><tr><td>智能机</td><td>是</td></tr><tr><td>操作系统</td><td>Android</td></tr><tr><td>CPU品牌</td><td>海思(Hisilicon)</td></tr><tr><td>CPU频率</td><td>4*Cprtex-A53 2.36GHz+4*Cortex-A53 1.7GHz</td></tr><tr><td>CPU核数</td><td>八核</td></tr><tr><td>指纹识别</td><td>支持</td></tr></table><p>网络</p><table id="param_tab2"><tr><td>4G网络制式</td><td>4G:移动;4G:联通;4G:电信</td></tr><tr><td>3G网络制式</td><td>3G:移动;3G:联通;3G:电信</td></tr><tr><td>2G网络制式</td><td>2G:移动联通+电信</td></tr><tr><td>双卡机类型</td><td>双卡双待单通</td></tr><tr><td>其它</td><td>副SIM卡与存储卡二选一</td></tr></table><p>存储</p><table id="param_tab3"><tr><td>机身内存</td><td>32GB</td></tr><tr><td>运行内存</td><td>32GB</td></tr></table>', 150123456789, 2968, 1,NULL,NULL),
(NULL, 6, '惠普光影精灵15.6英寸笔记本电脑 Pavilion PowerLaptop 15-cb074T(黑色)', '5月焕新季，领券买新机！神券满6000减600！一体成型金属机身，纤薄轻巧，长达12小时续航', '3899.00', '*退货补运费 *30天无忧退货 *48小时快速退款 *72小时发货', '双核i5/8GB内存/128GB闪存', '荣耀（Honnor）', '荣耀', '32G', '5.65英寸全面屏（18:9）', 'EMUI8.0智慧化系统', '前后各置200万像素+1300万像素', '其它', '拍人拍景都出色', '32GB', '<p>规格参数</p><table id="param_tab1"><tr><td>包装清单</td><td>手机*1、充电器*1、USB线*1、快速指南*1、三包凭证*1</td></tr><tr><td>品牌</td><td>华为(HUAWEI)</td></tr><tr><td>型号</td><td>畅享7s(FIG-AL00)</td></tr><tr><td>上市年份</td><td>2017年12月</td></tr><tr><td>输入方式</td><td>触控</td></tr><tr><td>智能机</td><td>是</td></tr><tr><td>操作系统</td><td>Android</td></tr><tr><td>CPU品牌</td><td>海思(Hisilicon)</td></tr><tr><td>CPU频率</td><td>4*Cprtex-A53 2.36GHz+4*Cortex-A53 1.7GHz</td></tr><tr><td>CPU核数</td><td>八核</td></tr><tr><td>指纹识别</td><td>支持</td></tr></table><p>网络</p><table id="param_tab2"><tr><td>4G网络制式</td><td>4G:移动;4G:联通;4G:电信</td></tr><tr><td>3G网络制式</td><td>3G:移动;3G:联通;3G:电信</td></tr><tr><td>2G网络制式</td><td>2G:移动联通+电信</td></tr><tr><td>双卡机类型</td><td>双卡双待单通</td></tr><tr><td>其它</td><td>副SIM卡与存储卡二选一</td></tr></table><p>存储</p><table id="param_tab3"><tr><td>机身内存</td><td>32GB</td></tr><tr><td>运行内存</td><td>32GB</td></tr></table>', 150123456789, 2968, 1,NULL,NULL),
(NULL, 7, '联想（Lenovo）拯救者R720 15.6英寸游戏笔记本电脑（i5-7300HQ/ 8GB系统内存/128G SSD+1TB机械硬盘/ GTX1050 2G独显', '5月焕新季，领券买新机！神券满6000减600！一体成型金属机身，纤薄轻巧，长达12小时续航', '5599.00', '*退货补运费 *30天无忧退货 *48小时快速退款 *72小时发货', '双核i5/8GB内存/128GB闪存', '荣耀（Honnor）', '荣耀', '32G', '5.65英寸全面屏（18:9）', 'EMUI8.0智慧化系统', '前后各置200万像素+1300万像素', '其它', '拍人拍景都出色', '32GB', '<p>规格参数</p><table id="param_tab1"><tr><td>包装清单</td><td>手机*1、充电器*1、USB线*1、快速指南*1、三包凭证*1</td></tr><tr><td>品牌</td><td>华为(HUAWEI)</td></tr><tr><td>型号</td><td>畅享7s(FIG-AL00)</td></tr><tr><td>上市年份</td><td>2017年12月</td></tr><tr><td>输入方式</td><td>触控</td></tr><tr><td>智能机</td><td>是</td></tr><tr><td>操作系统</td><td>Android</td></tr><tr><td>CPU品牌</td><td>海思(Hisilicon)</td></tr><tr><td>CPU频率</td><td>4*Cprtex-A53 2.36GHz+4*Cortex-A53 1.7GHz</td></tr><tr><td>CPU核数</td><td>八核</td></tr><tr><td>指纹识别</td><td>支持</td></tr></table><p>网络</p><table id="param_tab2"><tr><td>4G网络制式</td><td>4G:移动;4G:联通;4G:电信</td></tr><tr><td>3G网络制式</td><td>3G:移动;3G:联通;3G:电信</td></tr><tr><td>2G网络制式</td><td>2G:移动联通+电信</td></tr><tr><td>双卡机类型</td><td>双卡双待单通</td></tr><tr><td>其它</td><td>副SIM卡与存储卡二选一</td></tr></table><p>存储</p><table id="param_tab3"><tr><td>机身内存</td><td>32GB</td></tr><tr><td>运行内存</td><td>32GB</td></tr></table>', 150123456789, 2968, 1,NULL,NULL),
(NULL, 7, 'ThinkPad X270(3BCD) 12.5英寸轻薄笔记本电脑（i5-7200U/8G系统内存/128G固态硬盘+500G机械硬盘/预装Win10系统/单电池）', '5月焕新季，领券买新机！神券满6000减600！一体成型金属机身，纤薄轻巧，长达12小时续航', '7579.00', '*退货补运费 *30天无忧退货 *48小时快速退款 *72小时发货', '双核i5/8GB内存/128GB闪存', '荣耀（Honnor）', '荣耀', '32G', '5.65英寸全面屏（18:9）', 'EMUI8.0智慧化系统', '前后各置200万像素+1300万像素', '其它', '拍人拍景都出色', '32GB', '<p>规格参数</p><table id="param_tab1"><tr><td>包装清单</td><td>手机*1、充电器*1、USB线*1、快速指南*1、三包凭证*1</td></tr><tr><td>品牌</td><td>华为(HUAWEI)</td></tr><tr><td>型号</td><td>畅享7s(FIG-AL00)</td></tr><tr><td>上市年份</td><td>2017年12月</td></tr><tr><td>输入方式</td><td>触控</td></tr><tr><td>智能机</td><td>是</td></tr><tr><td>操作系统</td><td>Android</td></tr><tr><td>CPU品牌</td><td>海思(Hisilicon)</td></tr><tr><td>CPU频率</td><td>4*Cprtex-A53 2.36GHz+4*Cortex-A53 1.7GHz</td></tr><tr><td>CPU核数</td><td>八核</td></tr><tr><td>指纹识别</td><td>支持</td></tr></table><p>网络</p><table id="param_tab2"><tr><td>4G网络制式</td><td>4G:移动;4G:联通;4G:电信</td></tr><tr><td>3G网络制式</td><td>3G:移动;3G:联通;3G:电信</td></tr><tr><td>2G网络制式</td><td>2G:移动联通+电信</td></tr><tr><td>双卡机类型</td><td>双卡双待单通</td></tr><tr><td>其它</td><td>副SIM卡与存储卡二选一</td></tr></table><p>存储</p><table id="param_tab3"><tr><td>机身内存</td><td>32GB</td></tr><tr><td>运行内存</td><td>32GB</td></tr></table>', 150123456789, 2968, 1,NULL,NULL),
(NULL, 7, '联想（Lenove）拯救者Y720-15IKB  15.6英寸游戏本电脑（i7-7700HQ/ 8GB内存/ GTX 1060 6GB独显/ 1TB+128G SSD）（黑色）', '5月焕新季，领券买新机！神券满6000减600！一体成型金属机身，纤薄轻巧，长达12小时续航', '4499.00', '*退货补运费 *30天无忧退货 *48小时快速退款 *72小时发货', '双核i5/8GB内存/128GB闪存', '荣耀（Honnor）', '荣耀', '32G', '5.65英寸全面屏（18:9）', 'EMUI8.0智慧化系统', '前后各置200万像素+1300万像素', '其它', '拍人拍景都出色', '32GB', '<p>规格参数</p><table id="param_tab1"><tr><td>包装清单</td><td>手机*1、充电器*1、USB线*1、快速指南*1、三包凭证*1</td></tr><tr><td>品牌</td><td>华为(HUAWEI)</td></tr><tr><td>型号</td><td>畅享7s(FIG-AL00)</td></tr><tr><td>上市年份</td><td>2017年12月</td></tr><tr><td>输入方式</td><td>触控</td></tr><tr><td>智能机</td><td>是</td></tr><tr><td>操作系统</td><td>Android</td></tr><tr><td>CPU品牌</td><td>海思(Hisilicon)</td></tr><tr><td>CPU频率</td><td>4*Cprtex-A53 2.36GHz+4*Cortex-A53 1.7GHz</td></tr><tr><td>CPU核数</td><td>八核</td></tr><tr><td>指纹识别</td><td>支持</td></tr></table><p>网络</p><table id="param_tab2"><tr><td>4G网络制式</td><td>4G:移动;4G:联通;4G:电信</td></tr><tr><td>3G网络制式</td><td>3G:移动;3G:联通;3G:电信</td></tr><tr><td>2G网络制式</td><td>2G:移动联通+电信</td></tr><tr><td>双卡机类型</td><td>双卡双待单通</td></tr><tr><td>其它</td><td>副SIM卡与存储卡二选一</td></tr></table><p>存储</p><table id="param_tab3"><tr><td>机身内存</td><td>32GB</td></tr><tr><td>运行内存</td><td>32GB</td></tr></table>', 150123456789, 2968, 1,NULL,NULL),
(NULL, 7, ' 联想（Lenovo）13.9英寸笔记本YOGA910 -13IKBGOX  I7-7500U  8G内存 512G10H固态（金色）', '5月焕新季，领券买新机！神券满6000减600！一体成型金属机身，纤薄轻巧，长达12小时续航', '4359.00', '*退货补运费 *30天无忧退货 *48小时快速退款 *72小时发货', '双核i5/8GB内存/128GB闪存', '荣耀（Honnor）', '荣耀', '32G', '5.65英寸全面屏（18:9）', 'EMUI8.0智慧化系统', '前后各置200万像素+1300万像素', '其它', '拍人拍景都出色', '32GB', '<p>规格参数</p><table id="param_tab1"><tr><td>包装清单</td><td>手机*1、充电器*1、USB线*1、快速指南*1、三包凭证*1</td></tr><tr><td>品牌</td><td>华为(HUAWEI)</td></tr><tr><td>型号</td><td>畅享7s(FIG-AL00)</td></tr><tr><td>上市年份</td><td>2017年12月</td></tr><tr><td>输入方式</td><td>触控</td></tr><tr><td>智能机</td><td>是</td></tr><tr><td>操作系统</td><td>Android</td></tr><tr><td>CPU品牌</td><td>海思(Hisilicon)</td></tr><tr><td>CPU频率</td><td>4*Cprtex-A53 2.36GHz+4*Cortex-A53 1.7GHz</td></tr><tr><td>CPU核数</td><td>八核</td></tr><tr><td>指纹识别</td><td>支持</td></tr></table><p>网络</p><table id="param_tab2"><tr><td>4G网络制式</td><td>4G:移动;4G:联通;4G:电信</td></tr><tr><td>3G网络制式</td><td>3G:移动;3G:联通;3G:电信</td></tr><tr><td>2G网络制式</td><td>2G:移动联通+电信</td></tr><tr><td>双卡机类型</td><td>双卡双待单通</td></tr><tr><td>其它</td><td>副SIM卡与存储卡二选一</td></tr></table><p>存储</p><table id="param_tab3"><tr><td>机身内存</td><td>32GB</td></tr><tr><td>运行内存</td><td>32GB</td></tr></table>', 150123456789, 2968, 1,NULL,NULL),
(NULL, 7, '联想(Lenovo) 14英寸笔记本YOGA710-14IKBGOC(金色) I5-7200U/8G/256G/10H', '5月焕新季，领券买新机！神券满6000减600！一体成型金属机身，纤薄轻巧，长达12小时续航', '2599.00', '*退货补运费 *30天无忧退货 *48小时快速退款 *72小时发货', '双核i5/8GB内存/128GB闪存', '荣耀（Honnor）', '荣耀', '32G', '5.65英寸全面屏（18:9）', 'EMUI8.0智慧化系统', '前后各置200万像素+1300万像素', '其它', '拍人拍景都出色', '32GB', '<p>规格参数</p><table id="param_tab1"><tr><td>包装清单</td><td>手机*1、充电器*1、USB线*1、快速指南*1、三包凭证*1</td></tr><tr><td>品牌</td><td>华为(HUAWEI)</td></tr><tr><td>型号</td><td>畅享7s(FIG-AL00)</td></tr><tr><td>上市年份</td><td>2017年12月</td></tr><tr><td>输入方式</td><td>触控</td></tr><tr><td>智能机</td><td>是</td></tr><tr><td>操作系统</td><td>Android</td></tr><tr><td>CPU品牌</td><td>海思(Hisilicon)</td></tr><tr><td>CPU频率</td><td>4*Cprtex-A53 2.36GHz+4*Cortex-A53 1.7GHz</td></tr><tr><td>CPU核数</td><td>八核</td></tr><tr><td>指纹识别</td><td>支持</td></tr></table><p>网络</p><table id="param_tab2"><tr><td>4G网络制式</td><td>4G:移动;4G:联通;4G:电信</td></tr><tr><td>3G网络制式</td><td>3G:移动;3G:联通;3G:电信</td></tr><tr><td>2G网络制式</td><td>2G:移动联通+电信</td></tr><tr><td>双卡机类型</td><td>双卡双待单通</td></tr><tr><td>其它</td><td>副SIM卡与存储卡二选一</td></tr></table><p>存储</p><table id="param_tab3"><tr><td>机身内存</td><td>32GB</td></tr><tr><td>运行内存</td><td>32GB</td></tr></table>', 150123456789, 2968, 1,NULL,NULL),
(NULL, 7, '联想（Lenovo）Ideapad320S 14英寸笔记本电脑320S-14IKB   银色  ( i5-7200U/4G/256G SSD/Geforce 920MX 2G独显)', '5月焕新季，领券买新机！神券满6000减600！一体成型金属机身，纤薄轻巧，长达12小时续航', '8099.00', '*退货补运费 *30天无忧退货 *48小时快速退款 *72小时发货', '双核i5/8GB内存/128GB闪存', '荣耀（Honnor）', '荣耀', '32G', '5.65英寸全面屏（18:9）', 'EMUI8.0智慧化系统', '前后各置200万像素+1300万像素', '其它', '拍人拍景都出色', '32GB', '<p>规格参数</p><table id="param_tab1"><tr><td>包装清单</td><td>手机*1、充电器*1、USB线*1、快速指南*1、三包凭证*1</td></tr><tr><td>品牌</td><td>华为(HUAWEI)</td></tr><tr><td>型号</td><td>畅享7s(FIG-AL00)</td></tr><tr><td>上市年份</td><td>2017年12月</td></tr><tr><td>输入方式</td><td>触控</td></tr><tr><td>智能机</td><td>是</td></tr><tr><td>操作系统</td><td>Android</td></tr><tr><td>CPU品牌</td><td>海思(Hisilicon)</td></tr><tr><td>CPU频率</td><td>4*Cprtex-A53 2.36GHz+4*Cortex-A53 1.7GHz</td></tr><tr><td>CPU核数</td><td>八核</td></tr><tr><td>指纹识别</td><td>支持</td></tr></table><p>网络</p><table id="param_tab2"><tr><td>4G网络制式</td><td>4G:移动;4G:联通;4G:电信</td></tr><tr><td>3G网络制式</td><td>3G:移动;3G:联通;3G:电信</td></tr><tr><td>2G网络制式</td><td>2G:移动联通+电信</td></tr><tr><td>双卡机类型</td><td>双卡双待单通</td></tr><tr><td>其它</td><td>副SIM卡与存储卡二选一</td></tr></table><p>存储</p><table id="param_tab3"><tr><td>机身内存</td><td>32GB</td></tr><tr><td>运行内存</td><td>32GB</td></tr></table>', 150123456789, 2968, 1,NULL,NULL),
(NULL, 7, '【特价商品，非质量问题不退不换，售完即止】联想（Lenovo）13.3英寸笔记本710S-13IKBSIXI775008G25610H(银色)', '5月焕新季，领券买新机！神券满6000减600！一体成型金属机身，纤薄轻巧，长达12小时续航', '7099.00', '*退货补运费 *30天无忧退货 *48小时快速退款 *72小时发货', '双核i5/8GB内存/128GB闪存', '荣耀（Honnor）', '荣耀', '32G', '5.65英寸全面屏（18:9）', 'EMUI8.0智慧化系统', '前后各置200万像素+1300万像素', '其它', '拍人拍景都出色', '32GB', '<p>规格参数</p><table id="param_tab1"><tr><td>包装清单</td><td>手机*1、充电器*1、USB线*1、快速指南*1、三包凭证*1</td></tr><tr><td>品牌</td><td>华为(HUAWEI)</td></tr><tr><td>型号</td><td>畅享7s(FIG-AL00)</td></tr><tr><td>上市年份</td><td>2017年12月</td></tr><tr><td>输入方式</td><td>触控</td></tr><tr><td>智能机</td><td>是</td></tr><tr><td>操作系统</td><td>Android</td></tr><tr><td>CPU品牌</td><td>海思(Hisilicon)</td></tr><tr><td>CPU频率</td><td>4*Cprtex-A53 2.36GHz+4*Cortex-A53 1.7GHz</td></tr><tr><td>CPU核数</td><td>八核</td></tr><tr><td>指纹识别</td><td>支持</td></tr></table><p>网络</p><table id="param_tab2"><tr><td>4G网络制式</td><td>4G:移动;4G:联通;4G:电信</td></tr><tr><td>3G网络制式</td><td>3G:移动;3G:联通;3G:电信</td></tr><tr><td>2G网络制式</td><td>2G:移动联通+电信</td></tr><tr><td>双卡机类型</td><td>双卡双待单通</td></tr><tr><td>其它</td><td>副SIM卡与存储卡二选一</td></tr></table><p>存储</p><table id="param_tab3"><tr><td>机身内存</td><td>32GB</td></tr><tr><td>运行内存</td><td>32GB</td></tr></table>', 150123456789, 2968, 1,NULL,NULL),
(NULL, 8, '三星（SAMSUNG）82英寸 液晶平面电视', '5月焕新季，领券买新机！神券满6000减600！一体成型金属机身，纤薄轻巧，长达12小时续航', '6099.00', '*退货补运费 *30天无忧退货 *48小时快速退款 *72小时发货', '双核i5/8GB内存/128GB闪存', '荣耀（Honnor）', '荣耀', '32G', '5.65英寸全面屏（18:9）', 'EMUI8.0智慧化系统', '前后各置200万像素+1300万像素', '其它', '拍人拍景都出色', '32GB', '<p>规格参数</p><table id="param_tab1"><tr><td>包装清单</td><td>手机*1、充电器*1、USB线*1、快速指南*1、三包凭证*1</td></tr><tr><td>品牌</td><td>华为(HUAWEI)</td></tr><tr><td>型号</td><td>畅享7s(FIG-AL00)</td></tr><tr><td>上市年份</td><td>2017年12月</td></tr><tr><td>输入方式</td><td>触控</td></tr><tr><td>智能机</td><td>是</td></tr><tr><td>操作系统</td><td>Android</td></tr><tr><td>CPU品牌</td><td>海思(Hisilicon)</td></tr><tr><td>CPU频率</td><td>4*Cprtex-A53 2.36GHz+4*Cortex-A53 1.7GHz</td></tr><tr><td>CPU核数</td><td>八核</td></tr><tr><td>指纹识别</td><td>支持</td></tr></table><p>网络</p><table id="param_tab2"><tr><td>4G网络制式</td><td>4G:移动;4G:联通;4G:电信</td></tr><tr><td>3G网络制式</td><td>3G:移动;3G:联通;3G:电信</td></tr><tr><td>2G网络制式</td><td>2G:移动联通+电信</td></tr><tr><td>双卡机类型</td><td>双卡双待单通</td></tr><tr><td>其它</td><td>副SIM卡与存储卡二选一</td></tr></table><p>存储</p><table id="param_tab3"><tr><td>机身内存</td><td>32GB</td></tr><tr><td>运行内存</td><td>32GB</td></tr></table>', 150123456789, 2968, 1,NULL,NULL),
(NULL, 8, '三星（SAMSUNG）65英寸 4K 画壁艺术电视UA65LS003AJXXZ', '5月焕新季，领券买新机！神券满6000减600！一体成型金属机身，纤薄轻巧，长达12小时续航', '3899.00', '*退货补运费 *30天无忧退货 *48小时快速退款 *72小时发货', '双核i5/8GB内存/128GB闪存', '荣耀（Honnor）', '荣耀', '32G', '5.65英寸全面屏（18:9）', 'EMUI8.0智慧化系统', '前后各置200万像素+1300万像素', '其它', '拍人拍景都出色', '32GB', '<p>规格参数</p><table id="param_tab1"><tr><td>包装清单</td><td>手机*1、充电器*1、USB线*1、快速指南*1、三包凭证*1</td></tr><tr><td>品牌</td><td>华为(HUAWEI)</td></tr><tr><td>型号</td><td>畅享7s(FIG-AL00)</td></tr><tr><td>上市年份</td><td>2017年12月</td></tr><tr><td>输入方式</td><td>触控</td></tr><tr><td>智能机</td><td>是</td></tr><tr><td>操作系统</td><td>Android</td></tr><tr><td>CPU品牌</td><td>海思(Hisilicon)</td></tr><tr><td>CPU频率</td><td>4*Cprtex-A53 2.36GHz+4*Cortex-A53 1.7GHz</td></tr><tr><td>CPU核数</td><td>八核</td></tr><tr><td>指纹识别</td><td>支持</td></tr></table><p>网络</p><table id="param_tab2"><tr><td>4G网络制式</td><td>4G:移动;4G:联通;4G:电信</td></tr><tr><td>3G网络制式</td><td>3G:移动;3G:联通;3G:电信</td></tr><tr><td>2G网络制式</td><td>2G:移动联通+电信</td></tr><tr><td>双卡机类型</td><td>双卡双待单通</td></tr><tr><td>其它</td><td>副SIM卡与存储卡二选一</td></tr></table><p>存储</p><table id="param_tab3"><tr><td>机身内存</td><td>32GB</td></tr><tr><td>运行内存</td><td>32GB</td></tr></table>', 150123456789, 2968, 1,NULL,NULL),
(NULL, 8, '三星（SAMSUNG）75英寸 4K智能 平面 液晶电视UA75MU6320JXXZ', '5月焕新季，领券买新机！神券满6000减600！一体成型金属机身，纤薄轻巧，长达12小时续航', '4699.00', '*退货补运费 *30天无忧退货 *48小时快速退款 *72小时发货', '双核i5/8GB内存/128GB闪存', '荣耀（Honnor）', '荣耀', '32G', '5.65英寸全面屏（18:9）', 'EMUI8.0智慧化系统', '前后各置200万像素+1300万像素', '其它', '拍人拍景都出色', '32GB', '<p>规格参数</p><table id="param_tab1"><tr><td>包装清单</td><td>手机*1、充电器*1、USB线*1、快速指南*1、三包凭证*1</td></tr><tr><td>品牌</td><td>华为(HUAWEI)</td></tr><tr><td>型号</td><td>畅享7s(FIG-AL00)</td></tr><tr><td>上市年份</td><td>2017年12月</td></tr><tr><td>输入方式</td><td>触控</td></tr><tr><td>智能机</td><td>是</td></tr><tr><td>操作系统</td><td>Android</td></tr><tr><td>CPU品牌</td><td>海思(Hisilicon)</td></tr><tr><td>CPU频率</td><td>4*Cprtex-A53 2.36GHz+4*Cortex-A53 1.7GHz</td></tr><tr><td>CPU核数</td><td>八核</td></tr><tr><td>指纹识别</td><td>支持</td></tr></table><p>网络</p><table id="param_tab2"><tr><td>4G网络制式</td><td>4G:移动;4G:联通;4G:电信</td></tr><tr><td>3G网络制式</td><td>3G:移动;3G:联通;3G:电信</td></tr><tr><td>2G网络制式</td><td>2G:移动联通+电信</td></tr><tr><td>双卡机类型</td><td>双卡双待单通</td></tr><tr><td>其它</td><td>副SIM卡与存储卡二选一</td></tr></table><p>存储</p><table id="param_tab3"><tr><td>机身内存</td><td>32GB</td></tr><tr><td>运行内存</td><td>32GB</td></tr></table>', 150123456789, 2968, 1,NULL,NULL),
(NULL, 8, '三星（SAMSUNG）65英寸 4K智能 曲面电视UA65MU6880JXXZ', '5月焕新季，领券买新机！神券满6000减600！一体成型金属机身，纤薄轻巧，长达12小时续航', '4299.00', '*退货补运费 *30天无忧退货 *48小时快速退款 *72小时发货', '双核i5/8GB内存/128GB闪存', '荣耀（Honnor）', '荣耀', '32G', '5.65英寸全面屏（18:9）', 'EMUI8.0智慧化系统', '前后各置200万像素+1300万像素', '其它', '拍人拍景都出色', '32GB', '<p>规格参数</p><table id="param_tab1"><tr><td>包装清单</td><td>手机*1、充电器*1、USB线*1、快速指南*1、三包凭证*1</td></tr><tr><td>品牌</td><td>华为(HUAWEI)</td></tr><tr><td>型号</td><td>畅享7s(FIG-AL00)</td></tr><tr><td>上市年份</td><td>2017年12月</td></tr><tr><td>输入方式</td><td>触控</td></tr><tr><td>智能机</td><td>是</td></tr><tr><td>操作系统</td><td>Android</td></tr><tr><td>CPU品牌</td><td>海思(Hisilicon)</td></tr><tr><td>CPU频率</td><td>4*Cprtex-A53 2.36GHz+4*Cortex-A53 1.7GHz</td></tr><tr><td>CPU核数</td><td>八核</td></tr><tr><td>指纹识别</td><td>支持</td></tr></table><p>网络</p><table id="param_tab2"><tr><td>4G网络制式</td><td>4G:移动;4G:联通;4G:电信</td></tr><tr><td>3G网络制式</td><td>3G:移动;3G:联通;3G:电信</td></tr><tr><td>2G网络制式</td><td>2G:移动联通+电信</td></tr><tr><td>双卡机类型</td><td>双卡双待单通</td></tr><tr><td>其它</td><td>副SIM卡与存储卡二选一</td></tr></table><p>存储</p><table id="param_tab3"><tr><td>机身内存</td><td>32GB</td></tr><tr><td>运行内存</td><td>32GB</td></tr></table>', 150123456789, 2968, 1,NULL,NULL),
(NULL, 8, '三星（SAMSUNG）75英寸 智能4K 光质量子点 平面电视QA75Q7FAMJXXZ', '5月焕新季，领券买新机！神券满6000减600！一体成型金属机身，纤薄轻巧，长达12小时续航', '7899.00', '*退货补运费 *30天无忧退货 *48小时快速退款 *72小时发货', '双核i5/8GB内存/128GB闪存', '荣耀（Honnor）', '荣耀', '32G', '5.65英寸全面屏（18:9）', 'EMUI8.0智慧化系统', '前后各置200万像素+1300万像素', '其它', '拍人拍景都出色', '32GB', '<p>规格参数</p><table id="param_tab1"><tr><td>包装清单</td><td>手机*1、充电器*1、USB线*1、快速指南*1、三包凭证*1</td></tr><tr><td>品牌</td><td>华为(HUAWEI)</td></tr><tr><td>型号</td><td>畅享7s(FIG-AL00)</td></tr><tr><td>上市年份</td><td>2017年12月</td></tr><tr><td>输入方式</td><td>触控</td></tr><tr><td>智能机</td><td>是</td></tr><tr><td>操作系统</td><td>Android</td></tr><tr><td>CPU品牌</td><td>海思(Hisilicon)</td></tr><tr><td>CPU频率</td><td>4*Cprtex-A53 2.36GHz+4*Cortex-A53 1.7GHz</td></tr><tr><td>CPU核数</td><td>八核</td></tr><tr><td>指纹识别</td><td>支持</td></tr></table><p>网络</p><table id="param_tab2"><tr><td>4G网络制式</td><td>4G:移动;4G:联通;4G:电信</td></tr><tr><td>3G网络制式</td><td>3G:移动;3G:联通;3G:电信</td></tr><tr><td>2G网络制式</td><td>2G:移动联通+电信</td></tr><tr><td>双卡机类型</td><td>双卡双待单通</td></tr><tr><td>其它</td><td>副SIM卡与存储卡二选一</td></tr></table><p>存储</p><table id="param_tab3"><tr><td>机身内存</td><td>32GB</td></tr><tr><td>运行内存</td><td>32GB</td></tr></table>', 150123456789, 2968, 1,NULL,NULL),
(NULL, 8, '三星（SAMSUNG）55英寸 4K智能 曲面电视UA55MU6880JXXZ', '5月焕新季，领券买新机！神券满6000减600！一体成型金属机身，纤薄轻巧，长达12小时续航', '14099.00', '*退货补运费 *30天无忧退货 *48小时快速退款 *72小时发货', '双核i5/8GB内存/128GB闪存', '荣耀（Honnor）', '荣耀', '32G', '5.65英寸全面屏（18:9）', 'EMUI8.0智慧化系统', '前后各置200万像素+1300万像素', '其它', '拍人拍景都出色', '32GB', '<p>规格参数</p><table id="param_tab1"><tr><td>包装清单</td><td>手机*1、充电器*1、USB线*1、快速指南*1、三包凭证*1</td></tr><tr><td>品牌</td><td>华为(HUAWEI)</td></tr><tr><td>型号</td><td>畅享7s(FIG-AL00)</td></tr><tr><td>上市年份</td><td>2017年12月</td></tr><tr><td>输入方式</td><td>触控</td></tr><tr><td>智能机</td><td>是</td></tr><tr><td>操作系统</td><td>Android</td></tr><tr><td>CPU品牌</td><td>海思(Hisilicon)</td></tr><tr><td>CPU频率</td><td>4*Cprtex-A53 2.36GHz+4*Cortex-A53 1.7GHz</td></tr><tr><td>CPU核数</td><td>八核</td></tr><tr><td>指纹识别</td><td>支持</td></tr></table><p>网络</p><table id="param_tab2"><tr><td>4G网络制式</td><td>4G:移动;4G:联通;4G:电信</td></tr><tr><td>3G网络制式</td><td>3G:移动;3G:联通;3G:电信</td></tr><tr><td>2G网络制式</td><td>2G:移动联通+电信</td></tr><tr><td>双卡机类型</td><td>双卡双待单通</td></tr><tr><td>其它</td><td>副SIM卡与存储卡二选一</td></tr></table><p>存储</p><table id="param_tab3"><tr><td>机身内存</td><td>32GB</td></tr><tr><td>运行内存</td><td>32GB</td></tr></table>', 150123456789, 2968, 1,NULL,NULL),
(NULL, 8, '三星（SAMSUNG）65英寸 UHD画质 4K智能 平面电视UA65MU6700JXXZ', '5月焕新季，领券买新机！神券满6000减600！一体成型金属机身，纤薄轻巧，长达12小时续航', '14199.00', '*退货补运费 *30天无忧退货 *48小时快速退款 *72小时发货', '双核i5/8GB内存/128GB闪存', '荣耀（Honnor）', '荣耀', '32G', '5.65英寸全面屏（18:9）', 'EMUI8.0智慧化系统', '前后各置200万像素+1300万像素', '其它', '拍人拍景都出色', '32GB', '<p>规格参数</p><table id="param_tab1"><tr><td>包装清单</td><td>手机*1、充电器*1、USB线*1、快速指南*1、三包凭证*1</td></tr><tr><td>品牌</td><td>华为(HUAWEI)</td></tr><tr><td>型号</td><td>畅享7s(FIG-AL00)</td></tr><tr><td>上市年份</td><td>2017年12月</td></tr><tr><td>输入方式</td><td>触控</td></tr><tr><td>智能机</td><td>是</td></tr><tr><td>操作系统</td><td>Android</td></tr><tr><td>CPU品牌</td><td>海思(Hisilicon)</td></tr><tr><td>CPU频率</td><td>4*Cprtex-A53 2.36GHz+4*Cortex-A53 1.7GHz</td></tr><tr><td>CPU核数</td><td>八核</td></tr><tr><td>指纹识别</td><td>支持</td></tr></table><p>网络</p><table id="param_tab2"><tr><td>4G网络制式</td><td>4G:移动;4G:联通;4G:电信</td></tr><tr><td>3G网络制式</td><td>3G:移动;3G:联通;3G:电信</td></tr><tr><td>2G网络制式</td><td>2G:移动联通+电信</td></tr><tr><td>双卡机类型</td><td>双卡双待单通</td></tr><tr><td>其它</td><td>副SIM卡与存储卡二选一</td></tr></table><p>存储</p><table id="param_tab3"><tr><td>机身内存</td><td>32GB</td></tr><tr><td>运行内存</td><td>32GB</td></tr></table>', 150123456789, 2968, 1,NULL,NULL),
(NULL, 8, '三星（SAMSUNG）55英寸 UHD画质 4K智能 平面电视UA55MU6700JXXZ', '5月焕新季，领券买新机！神券满6000减600！一体成型金属机身，纤薄轻巧，长达12小时续航', '14299.00', '*退货补运费 *30天无忧退货 *48小时快速退款 *72小时发货', '双核i5/8GB内存/128GB闪存', '荣耀（Honnor）', '荣耀', '32G', '5.65英寸全面屏（18:9）', 'EMUI8.0智慧化系统', '前后各置200万像素+1300万像素', '其它', '拍人拍景都出色', '32GB', '<p>规格参数</p><table id="param_tab1"><tr><td>包装清单</td><td>手机*1、充电器*1、USB线*1、快速指南*1、三包凭证*1</td></tr><tr><td>品牌</td><td>华为(HUAWEI)</td></tr><tr><td>型号</td><td>畅享7s(FIG-AL00)</td></tr><tr><td>上市年份</td><td>2017年12月</td></tr><tr><td>输入方式</td><td>触控</td></tr><tr><td>智能机</td><td>是</td></tr><tr><td>操作系统</td><td>Android</td></tr><tr><td>CPU品牌</td><td>海思(Hisilicon)</td></tr><tr><td>CPU频率</td><td>4*Cprtex-A53 2.36GHz+4*Cortex-A53 1.7GHz</td></tr><tr><td>CPU核数</td><td>八核</td></tr><tr><td>指纹识别</td><td>支持</td></tr></table><p>网络</p><table id="param_tab2"><tr><td>4G网络制式</td><td>4G:移动;4G:联通;4G:电信</td></tr><tr><td>3G网络制式</td><td>3G:移动;3G:联通;3G:电信</td></tr><tr><td>2G网络制式</td><td>2G:移动联通+电信</td></tr><tr><td>双卡机类型</td><td>双卡双待单通</td></tr><tr><td>其它</td><td>副SIM卡与存储卡二选一</td></tr></table><p>存储</p><table id="param_tab3"><tr><td>机身内存</td><td>32GB</td></tr><tr><td>运行内存</td><td>32GB</td></tr></table>', 150123456789, 2968, 1,NULL,NULL),
(NULL, 9, ' 产地日本 进口索尼（SONY）BRAVIA A1系列77英寸OLED平面电视 KD-77A1', '5月焕新季，领券买新机！神券满6000减600！一体成型金属机身，纤薄轻巧，长达12小时续航', '14599.00', '*退货补运费 *30天无忧退货 *48小时快速退款 *72小时发货', '双核i5/8GB内存/128GB闪存', '荣耀（Honnor）', '荣耀', '32G', '5.65英寸全面屏（18:9）', 'EMUI8.0智慧化系统', '前后各置200万像素+1300万像素', '其它', '拍人拍景都出色', '32GB', '<p>规格参数</p><table id="param_tab1"><tr><td>包装清单</td><td>手机*1、充电器*1、USB线*1、快速指南*1、三包凭证*1</td></tr><tr><td>品牌</td><td>华为(HUAWEI)</td></tr><tr><td>型号</td><td>畅享7s(FIG-AL00)</td></tr><tr><td>上市年份</td><td>2017年12月</td></tr><tr><td>输入方式</td><td>触控</td></tr><tr><td>智能机</td><td>是</td></tr><tr><td>操作系统</td><td>Android</td></tr><tr><td>CPU品牌</td><td>海思(Hisilicon)</td></tr><tr><td>CPU频率</td><td>4*Cprtex-A53 2.36GHz+4*Cortex-A53 1.7GHz</td></tr><tr><td>CPU核数</td><td>八核</td></tr><tr><td>指纹识别</td><td>支持</td></tr></table><p>网络</p><table id="param_tab2"><tr><td>4G网络制式</td><td>4G:移动;4G:联通;4G:电信</td></tr><tr><td>3G网络制式</td><td>3G:移动;3G:联通;3G:电信</td></tr><tr><td>2G网络制式</td><td>2G:移动联通+电信</td></tr><tr><td>双卡机类型</td><td>双卡双待单通</td></tr><tr><td>其它</td><td>副SIM卡与存储卡二选一</td></tr></table><p>存储</p><table id="param_tab3"><tr><td>机身内存</td><td>32GB</td></tr><tr><td>运行内存</td><td>32GB</td></tr></table>', 150123456789, 2968, 1,NULL,NULL),
(NULL, 9, '索尼（SONY）65英寸 4K平面液晶电视 KD-65X8500E', '5月焕新季，领券买新机！神券满6000减600！一体成型金属机身，纤薄轻巧，长达12小时续航', '14499.00', '*退货补运费 *30天无忧退货 *48小时快速退款 *72小时发货', '双核i5/8GB内存/128GB闪存', '荣耀（Honnor）', '荣耀', '32G', '5.65英寸全面屏（18:9）', 'EMUI8.0智慧化系统', '前后各置200万像素+1300万像素', '其它', '拍人拍景都出色', '32GB', '<p>规格参数</p><table id="param_tab1"><tr><td>包装清单</td><td>手机*1、充电器*1、USB线*1、快速指南*1、三包凭证*1</td></tr><tr><td>品牌</td><td>华为(HUAWEI)</td></tr><tr><td>型号</td><td>畅享7s(FIG-AL00)</td></tr><tr><td>上市年份</td><td>2017年12月</td></tr><tr><td>输入方式</td><td>触控</td></tr><tr><td>智能机</td><td>是</td></tr><tr><td>操作系统</td><td>Android</td></tr><tr><td>CPU品牌</td><td>海思(Hisilicon)</td></tr><tr><td>CPU频率</td><td>4*Cprtex-A53 2.36GHz+4*Cortex-A53 1.7GHz</td></tr><tr><td>CPU核数</td><td>八核</td></tr><tr><td>指纹识别</td><td>支持</td></tr></table><p>网络</p><table id="param_tab2"><tr><td>4G网络制式</td><td>4G:移动;4G:联通;4G:电信</td></tr><tr><td>3G网络制式</td><td>3G:移动;3G:联通;3G:电信</td></tr><tr><td>2G网络制式</td><td>2G:移动联通+电信</td></tr><tr><td>双卡机类型</td><td>双卡双待单通</td></tr><tr><td>其它</td><td>副SIM卡与存储卡二选一</td></tr></table><p>存储</p><table id="param_tab3"><tr><td>机身内存</td><td>32GB</td></tr><tr><td>运行内存</td><td>32GB</td></tr></table>', 150123456789, 2968, 1,NULL,NULL),
(NULL, 9, '索尼（SONY）55英寸 平面电视 KD-55A1', '5月焕新季，领券买新机！神券满6000减600！一体成型金属机身，纤薄轻巧，长达12小时续航', '1499.00', '*退货补运费 *30天无忧退货 *48小时快速退款 *72小时发货', '双核i5/8GB内存/128GB闪存', '荣耀（Honnor）', '荣耀', '32G', '5.65英寸全面屏（18:9）', 'EMUI8.0智慧化系统', '前后各置200万像素+1300万像素', '其它', '拍人拍景都出色', '32GB', '<p>规格参数</p><table id="param_tab1"><tr><td>包装清单</td><td>手机*1、充电器*1、USB线*1、快速指南*1、三包凭证*1</td></tr><tr><td>品牌</td><td>华为(HUAWEI)</td></tr><tr><td>型号</td><td>畅享7s(FIG-AL00)</td></tr><tr><td>上市年份</td><td>2017年12月</td></tr><tr><td>输入方式</td><td>触控</td></tr><tr><td>智能机</td><td>是</td></tr><tr><td>操作系统</td><td>Android</td></tr><tr><td>CPU品牌</td><td>海思(Hisilicon)</td></tr><tr><td>CPU频率</td><td>4*Cprtex-A53 2.36GHz+4*Cortex-A53 1.7GHz</td></tr><tr><td>CPU核数</td><td>八核</td></tr><tr><td>指纹识别</td><td>支持</td></tr></table><p>网络</p><table id="param_tab2"><tr><td>4G网络制式</td><td>4G:移动;4G:联通;4G:电信</td></tr><tr><td>3G网络制式</td><td>3G:移动;3G:联通;3G:电信</td></tr><tr><td>2G网络制式</td><td>2G:移动联通+电信</td></tr><tr><td>双卡机类型</td><td>双卡双待单通</td></tr><tr><td>其它</td><td>副SIM卡与存储卡二选一</td></tr></table><p>存储</p><table id="param_tab3"><tr><td>机身内存</td><td>32GB</td></tr><tr><td>运行内存</td><td>32GB</td></tr></table>', 150123456789, 2968, 1,NULL,NULL),
(NULL, 9, '索尼（SONY）75英寸 4K平面液晶电视 KD-75X8566E', '5月焕新季，领券买新机！神券满6000减600！一体成型金属机身，纤薄轻巧，长达12小时续航', '14599.00', '*退货补运费 *30天无忧退货 *48小时快速退款 *72小时发货', '双核i5/8GB内存/128GB闪存', '荣耀（Honnor）', '荣耀', '32G', '5.65英寸全面屏（18:9）', 'EMUI8.0智慧化系统', '前后各置200万像素+1300万像素', '其它', '拍人拍景都出色', '32GB', '<p>规格参数</p><table id="param_tab1"><tr><td>包装清单</td><td>手机*1、充电器*1、USB线*1、快速指南*1、三包凭证*1</td></tr><tr><td>品牌</td><td>华为(HUAWEI)</td></tr><tr><td>型号</td><td>畅享7s(FIG-AL00)</td></tr><tr><td>上市年份</td><td>2017年12月</td></tr><tr><td>输入方式</td><td>触控</td></tr><tr><td>智能机</td><td>是</td></tr><tr><td>操作系统</td><td>Android</td></tr><tr><td>CPU品牌</td><td>海思(Hisilicon)</td></tr><tr><td>CPU频率</td><td>4*Cprtex-A53 2.36GHz+4*Cortex-A53 1.7GHz</td></tr><tr><td>CPU核数</td><td>八核</td></tr><tr><td>指纹识别</td><td>支持</td></tr></table><p>网络</p><table id="param_tab2"><tr><td>4G网络制式</td><td>4G:移动;4G:联通;4G:电信</td></tr><tr><td>3G网络制式</td><td>3G:移动;3G:联通;3G:电信</td></tr><tr><td>2G网络制式</td><td>2G:移动联通+电信</td></tr><tr><td>双卡机类型</td><td>双卡双待单通</td></tr><tr><td>其它</td><td>副SIM卡与存储卡二选一</td></tr></table><p>存储</p><table id="param_tab3"><tr><td>机身内存</td><td>32GB</td></tr><tr><td>运行内存</td><td>32GB</td></tr></table>', 150123456789, 2968, 1,NULL,NULL),
(NULL, 9, '索尼（SONY）65英寸 BRAVIA A1系列 OLED平面电视 KD-65A1', '5月焕新季，领券买新机！神券满6000减600！一体成型金属机身，纤薄轻巧，长达12小时续航', '21499.00', '*退货补运费 *30天无忧退货 *48小时快速退款 *72小时发货', '双核i5/8GB内存/128GB闪存', '荣耀（Honnor）', '荣耀', '32G', '5.65英寸全面屏（18:9）', 'EMUI8.0智慧化系统', '前后各置200万像素+1300万像素', '其它', '拍人拍景都出色', '32GB', '<p>规格参数</p><table id="param_tab1"><tr><td>包装清单</td><td>手机*1、充电器*1、USB线*1、快速指南*1、三包凭证*1</td></tr><tr><td>品牌</td><td>华为(HUAWEI)</td></tr><tr><td>型号</td><td>畅享7s(FIG-AL00)</td></tr><tr><td>上市年份</td><td>2017年12月</td></tr><tr><td>输入方式</td><td>触控</td></tr><tr><td>智能机</td><td>是</td></tr><tr><td>操作系统</td><td>Android</td></tr><tr><td>CPU品牌</td><td>海思(Hisilicon)</td></tr><tr><td>CPU频率</td><td>4*Cprtex-A53 2.36GHz+4*Cortex-A53 1.7GHz</td></tr><tr><td>CPU核数</td><td>八核</td></tr><tr><td>指纹识别</td><td>支持</td></tr></table><p>网络</p><table id="param_tab2"><tr><td>4G网络制式</td><td>4G:移动;4G:联通;4G:电信</td></tr><tr><td>3G网络制式</td><td>3G:移动;3G:联通;3G:电信</td></tr><tr><td>2G网络制式</td><td>2G:移动联通+电信</td></tr><tr><td>双卡机类型</td><td>双卡双待单通</td></tr><tr><td>其它</td><td>副SIM卡与存储卡二选一</td></tr></table><p>存储</p><table id="param_tab3"><tr><td>机身内存</td><td>32GB</td></tr><tr><td>运行内存</td><td>32GB</td></tr></table>', 150123456789, 2968, 1,NULL,NULL),
(NULL, 9, '索尼（SONY）75英寸 4K 平面 液晶电视 KD-75X9000E', '5月焕新季，领券买新机！神券满6000减600！一体成型金属机身，纤薄轻巧，长达12小时续航', '21499.00', '*退货补运费 *30天无忧退货 *48小时快速退款 *72小时发货', '双核i5/8GB内存/128GB闪存', '荣耀（Honnor）', '荣耀', '32G', '5.65英寸全面屏（18:9）', 'EMUI8.0智慧化系统', '前后各置200万像素+1300万像素', '其它', '拍人拍景都出色', '32GB', '<p>规格参数</p><table id="param_tab1"><tr><td>包装清单</td><td>手机*1、充电器*1、USB线*1、快速指南*1、三包凭证*1</td></tr><tr><td>品牌</td><td>华为(HUAWEI)</td></tr><tr><td>型号</td><td>畅享7s(FIG-AL00)</td></tr><tr><td>上市年份</td><td>2017年12月</td></tr><tr><td>输入方式</td><td>触控</td></tr><tr><td>智能机</td><td>是</td></tr><tr><td>操作系统</td><td>Android</td></tr><tr><td>CPU品牌</td><td>海思(Hisilicon)</td></tr><tr><td>CPU频率</td><td>4*Cprtex-A53 2.36GHz+4*Cortex-A53 1.7GHz</td></tr><tr><td>CPU核数</td><td>八核</td></tr><tr><td>指纹识别</td><td>支持</td></tr></table><p>网络</p><table id="param_tab2"><tr><td>4G网络制式</td><td>4G:移动;4G:联通;4G:电信</td></tr><tr><td>3G网络制式</td><td>3G:移动;3G:联通;3G:电信</td></tr><tr><td>2G网络制式</td><td>2G:移动联通+电信</td></tr><tr><td>双卡机类型</td><td>双卡双待单通</td></tr><tr><td>其它</td><td>副SIM卡与存储卡二选一</td></tr></table><p>存储</p><table id="param_tab3"><tr><td>机身内存</td><td>32GB</td></tr><tr><td>运行内存</td><td>32GB</td></tr></table>', 150123456789, 2968, 1,NULL,NULL),
(NULL, 9, '【预订】索尼（SONY）55英寸 4K 平面液晶电视KD-55X9300E', '5月焕新季，领券买新机！神券满6000减600！一体成型金属机身，纤薄轻巧，长达12小时续航', '30199.00', '*退货补运费 *30天无忧退货 *48小时快速退款 *72小时发货', '双核i5/8GB内存/128GB闪存', '荣耀（Honnor）', '荣耀', '32G', '5.65英寸全面屏（18:9）', 'EMUI8.0智慧化系统', '前后各置200万像素+1300万像素', '其它', '拍人拍景都出色', '32GB', '<p>规格参数</p><table id="param_tab1"><tr><td>包装清单</td><td>手机*1、充电器*1、USB线*1、快速指南*1、三包凭证*1</td></tr><tr><td>品牌</td><td>华为(HUAWEI)</td></tr><tr><td>型号</td><td>畅享7s(FIG-AL00)</td></tr><tr><td>上市年份</td><td>2017年12月</td></tr><tr><td>输入方式</td><td>触控</td></tr><tr><td>智能机</td><td>是</td></tr><tr><td>操作系统</td><td>Android</td></tr><tr><td>CPU品牌</td><td>海思(Hisilicon)</td></tr><tr><td>CPU频率</td><td>4*Cprtex-A53 2.36GHz+4*Cortex-A53 1.7GHz</td></tr><tr><td>CPU核数</td><td>八核</td></tr><tr><td>指纹识别</td><td>支持</td></tr></table><p>网络</p><table id="param_tab2"><tr><td>4G网络制式</td><td>4G:移动;4G:联通;4G:电信</td></tr><tr><td>3G网络制式</td><td>3G:移动;3G:联通;3G:电信</td></tr><tr><td>2G网络制式</td><td>2G:移动联通+电信</td></tr><tr><td>双卡机类型</td><td>双卡双待单通</td></tr><tr><td>其它</td><td>副SIM卡与存储卡二选一</td></tr></table><p>存储</p><table id="param_tab3"><tr><td>机身内存</td><td>32GB</td></tr><tr><td>运行内存</td><td>32GB</td></tr></table>', 150123456789, 2968, 1,NULL,NULL),
(NULL, 9, '索尼（SONY）65英寸4K 平面 液晶电视 KD-65X9000E', '5月焕新季，领券买新机！神券满6000减600！一体成型金属机身，纤薄轻巧，长达12小时续航', '30499.00', '*退货补运费 *30天无忧退货 *48小时快速退款 *72小时发货', '双核i5/8GB内存/128GB闪存', '荣耀（Honnor）', '荣耀', '32G', '5.65英寸全面屏（18:9）', 'EMUI8.0智慧化系统', '前后各置200万像素+1300万像素', '其它', '拍人拍景都出色', '32GB', '<p>规格参数</p><table id="param_tab1"><tr><td>包装清单</td><td>手机*1、充电器*1、USB线*1、快速指南*1、三包凭证*1</td></tr><tr><td>品牌</td><td>华为(HUAWEI)</td></tr><tr><td>型号</td><td>畅享7s(FIG-AL00)</td></tr><tr><td>上市年份</td><td>2017年12月</td></tr><tr><td>输入方式</td><td>触控</td></tr><tr><td>智能机</td><td>是</td></tr><tr><td>操作系统</td><td>Android</td></tr><tr><td>CPU品牌</td><td>海思(Hisilicon)</td></tr><tr><td>CPU频率</td><td>4*Cprtex-A53 2.36GHz+4*Cortex-A53 1.7GHz</td></tr><tr><td>CPU核数</td><td>八核</td></tr><tr><td>指纹识别</td><td>支持</td></tr></table><p>网络</p><table id="param_tab2"><tr><td>4G网络制式</td><td>4G:移动;4G:联通;4G:电信</td></tr><tr><td>3G网络制式</td><td>3G:移动;3G:联通;3G:电信</td></tr><tr><td>2G网络制式</td><td>2G:移动联通+电信</td></tr><tr><td>双卡机类型</td><td>双卡双待单通</td></tr><tr><td>其它</td><td>副SIM卡与存储卡二选一</td></tr></table><p>存储</p><table id="param_tab3"><tr><td>机身内存</td><td>32GB</td></tr><tr><td>运行内存</td><td>32GB</td></tr></table>', 150123456789, 2968, 1,NULL,NULL),
(NULL, 10, '森海塞尔（Sennheiser）G4ME ONE Black 游戏耳机 电脑耳麦 专业级降噪 黑色', '5月焕新季，领券买新机！神券满6000减600！一体成型金属机身，纤薄轻巧，长达12小时续航', '1499.00', '*退货补运费 *30天无忧退货 *48小时快速退款 *72小时发货', '双核i5/8GB内存/128GB闪存', '荣耀（Honnor）', '荣耀', '32G', '5.65英寸全面屏（18:9）', 'EMUI8.0智慧化系统', '前后各置200万像素+1300万像素', '其它', '拍人拍景都出色', '32GB', '<p>规格参数</p><table id="param_tab1"><tr><td>包装清单</td><td>手机*1、充电器*1、USB线*1、快速指南*1、三包凭证*1</td></tr><tr><td>品牌</td><td>华为(HUAWEI)</td></tr><tr><td>型号</td><td>畅享7s(FIG-AL00)</td></tr><tr><td>上市年份</td><td>2017年12月</td></tr><tr><td>输入方式</td><td>触控</td></tr><tr><td>智能机</td><td>是</td></tr><tr><td>操作系统</td><td>Android</td></tr><tr><td>CPU品牌</td><td>海思(Hisilicon)</td></tr><tr><td>CPU频率</td><td>4*Cprtex-A53 2.36GHz+4*Cortex-A53 1.7GHz</td></tr><tr><td>CPU核数</td><td>八核</td></tr><tr><td>指纹识别</td><td>支持</td></tr></table><p>网络</p><table id="param_tab2"><tr><td>4G网络制式</td><td>4G:移动;4G:联通;4G:电信</td></tr><tr><td>3G网络制式</td><td>3G:移动;3G:联通;3G:电信</td></tr><tr><td>2G网络制式</td><td>2G:移动联通+电信</td></tr><tr><td>双卡机类型</td><td>双卡双待单通</td></tr><tr><td>其它</td><td>副SIM卡与存储卡二选一</td></tr></table><p>存储</p><table id="param_tab3"><tr><td>机身内存</td><td>32GB</td></tr><tr><td>运行内存</td><td>32GB</td></tr></table>', 150123456789, 2968, 1,NULL,NULL),
(NULL, 10, 'B&O PLAY  H5 无线蓝牙HiFi耳机(黑色)', '5月焕新季，领券买新机！神券满6000减600！一体成型金属机身，纤薄轻巧，长达12小时续航', '3659.00', '*退货补运费 *30天无忧退货 *48小时快速退款 *72小时发货', '双核i5/8GB内存/128GB闪存', '荣耀（Honnor）', '荣耀', '32G', '5.65英寸全面屏（18:9）', 'EMUI8.0智慧化系统', '前后各置200万像素+1300万像素', '其它', '拍人拍景都出色', '32GB', '<p>规格参数</p><table id="param_tab1"><tr><td>包装清单</td><td>手机*1、充电器*1、USB线*1、快速指南*1、三包凭证*1</td></tr><tr><td>品牌</td><td>华为(HUAWEI)</td></tr><tr><td>型号</td><td>畅享7s(FIG-AL00)</td></tr><tr><td>上市年份</td><td>2017年12月</td></tr><tr><td>输入方式</td><td>触控</td></tr><tr><td>智能机</td><td>是</td></tr><tr><td>操作系统</td><td>Android</td></tr><tr><td>CPU品牌</td><td>海思(Hisilicon)</td></tr><tr><td>CPU频率</td><td>4*Cprtex-A53 2.36GHz+4*Cortex-A53 1.7GHz</td></tr><tr><td>CPU核数</td><td>八核</td></tr><tr><td>指纹识别</td><td>支持</td></tr></table><p>网络</p><table id="param_tab2"><tr><td>4G网络制式</td><td>4G:移动;4G:联通;4G:电信</td></tr><tr><td>3G网络制式</td><td>3G:移动;3G:联通;3G:电信</td></tr><tr><td>2G网络制式</td><td>2G:移动联通+电信</td></tr><tr><td>双卡机类型</td><td>双卡双待单通</td></tr><tr><td>其它</td><td>副SIM卡与存储卡二选一</td></tr></table><p>存储</p><table id="param_tab3"><tr><td>机身内存</td><td>32GB</td></tr><tr><td>运行内存</td><td>32GB</td></tr></table>', 150123456789, 2968, 1,NULL,NULL),
(NULL, 10, 'JBL Under Armour 蓝牙耳机 无线耳机 运动耳机 测心率版 ', '5月焕新季，领券买新机！神券满6000减600！一体成型金属机身，纤薄轻巧，长达12小时续航', '4599.00', '*退货补运费 *30天无忧退货 *48小时快速退款 *72小时发货', '双核i5/8GB内存/128GB闪存', '荣耀（Honnor）', '荣耀', '32G', '5.65英寸全面屏（18:9）', 'EMUI8.0智慧化系统', '前后各置200万像素+1300万像素', '其它', '拍人拍景都出色', '32GB', '<p>规格参数</p><table id="param_tab1"><tr><td>包装清单</td><td>手机*1、充电器*1、USB线*1、快速指南*1、三包凭证*1</td></tr><tr><td>品牌</td><td>华为(HUAWEI)</td></tr><tr><td>型号</td><td>畅享7s(FIG-AL00)</td></tr><tr><td>上市年份</td><td>2017年12月</td></tr><tr><td>输入方式</td><td>触控</td></tr><tr><td>智能机</td><td>是</td></tr><tr><td>操作系统</td><td>Android</td></tr><tr><td>CPU品牌</td><td>海思(Hisilicon)</td></tr><tr><td>CPU频率</td><td>4*Cprtex-A53 2.36GHz+4*Cortex-A53 1.7GHz</td></tr><tr><td>CPU核数</td><td>八核</td></tr><tr><td>指纹识别</td><td>支持</td></tr></table><p>网络</p><table id="param_tab2"><tr><td>4G网络制式</td><td>4G:移动;4G:联通;4G:电信</td></tr><tr><td>3G网络制式</td><td>3G:移动;3G:联通;3G:电信</td></tr><tr><td>2G网络制式</td><td>2G:移动联通+电信</td></tr><tr><td>双卡机类型</td><td>双卡双待单通</td></tr><tr><td>其它</td><td>副SIM卡与存储卡二选一</td></tr></table><p>存储</p><table id="param_tab3"><tr><td>机身内存</td><td>32GB</td></tr><tr><td>运行内存</td><td>32GB</td></tr></table>', 150123456789, 2968, 1,NULL,NULL),
(NULL, 10, ' Cleer 蓝牙双单元耳机DU WL 1.0 (B) PRC（黑色）', '5月焕新季，领券买新机！神券满6000减600！一体成型金属机身，纤薄轻巧，长达12小时续航', '899.00', '*退货补运费 *30天无忧退货 *48小时快速退款 *72小时发货', '双核i5/8GB内存/128GB闪存', '荣耀（Honnor）', '荣耀', '32G', '5.65英寸全面屏（18:9）', 'EMUI8.0智慧化系统', '前后各置200万像素+1300万像素', '其它', '拍人拍景都出色', '32GB', '<p>规格参数</p><table id="param_tab1"><tr><td>包装清单</td><td>手机*1、充电器*1、USB线*1、快速指南*1、三包凭证*1</td></tr><tr><td>品牌</td><td>华为(HUAWEI)</td></tr><tr><td>型号</td><td>畅享7s(FIG-AL00)</td></tr><tr><td>上市年份</td><td>2017年12月</td></tr><tr><td>输入方式</td><td>触控</td></tr><tr><td>智能机</td><td>是</td></tr><tr><td>操作系统</td><td>Android</td></tr><tr><td>CPU品牌</td><td>海思(Hisilicon)</td></tr><tr><td>CPU频率</td><td>4*Cprtex-A53 2.36GHz+4*Cortex-A53 1.7GHz</td></tr><tr><td>CPU核数</td><td>八核</td></tr><tr><td>指纹识别</td><td>支持</td></tr></table><p>网络</p><table id="param_tab2"><tr><td>4G网络制式</td><td>4G:移动;4G:联通;4G:电信</td></tr><tr><td>3G网络制式</td><td>3G:移动;3G:联通;3G:电信</td></tr><tr><td>2G网络制式</td><td>2G:移动联通+电信</td></tr><tr><td>双卡机类型</td><td>双卡双待单通</td></tr><tr><td>其它</td><td>副SIM卡与存储卡二选一</td></tr></table><p>存储</p><table id="param_tab3"><tr><td>机身内存</td><td>32GB</td></tr><tr><td>运行内存</td><td>32GB</td></tr></table>', 150123456789, 2968, 1,NULL,NULL),
(NULL, 10, '新智（NuForce）入耳式耳机NE750M（黑色）【不支持货到付款，每一个ID限购1台】', '5月焕新季，领券买新机！神券满6000减600！一体成型金属机身，纤薄轻巧，长达12小时续航', '899.00', '*退货补运费 *30天无忧退货 *48小时快速退款 *72小时发货', '双核i5/8GB内存/128GB闪存', '荣耀（Honnor）', '荣耀', '32G', '5.65英寸全面屏（18:9）', 'EMUI8.0智慧化系统', '前后各置200万像素+1300万像素', '其它', '拍人拍景都出色', '32GB', '<p>规格参数</p><table id="param_tab1"><tr><td>包装清单</td><td>手机*1、充电器*1、USB线*1、快速指南*1、三包凭证*1</td></tr><tr><td>品牌</td><td>华为(HUAWEI)</td></tr><tr><td>型号</td><td>畅享7s(FIG-AL00)</td></tr><tr><td>上市年份</td><td>2017年12月</td></tr><tr><td>输入方式</td><td>触控</td></tr><tr><td>智能机</td><td>是</td></tr><tr><td>操作系统</td><td>Android</td></tr><tr><td>CPU品牌</td><td>海思(Hisilicon)</td></tr><tr><td>CPU频率</td><td>4*Cprtex-A53 2.36GHz+4*Cortex-A53 1.7GHz</td></tr><tr><td>CPU核数</td><td>八核</td></tr><tr><td>指纹识别</td><td>支持</td></tr></table><p>网络</p><table id="param_tab2"><tr><td>4G网络制式</td><td>4G:移动;4G:联通;4G:电信</td></tr><tr><td>3G网络制式</td><td>3G:移动;3G:联通;3G:电信</td></tr><tr><td>2G网络制式</td><td>2G:移动联通+电信</td></tr><tr><td>双卡机类型</td><td>双卡双待单通</td></tr><tr><td>其它</td><td>副SIM卡与存储卡二选一</td></tr></table><p>存储</p><table id="param_tab3"><tr><td>机身内存</td><td>32GB</td></tr><tr><td>运行内存</td><td>32GB</td></tr></table>', 150123456789, 2968, 1,NULL,NULL),
(NULL, 10, 'JBL 无线蓝牙运动耳机安德玛联名款 Under Armour（蓝色）', '5月焕新季，领券买新机！神券满6000减600！一体成型金属机身，纤薄轻巧，长达12小时续航', '799.00', '*退货补运费 *30天无忧退货 *48小时快速退款 *72小时发货', '双核i5/8GB内存/128GB闪存', '荣耀（Honnor）', '荣耀', '32G', '5.65英寸全面屏（18:9）', 'EMUI8.0智慧化系统', '前后各置200万像素+1300万像素', '其它', '拍人拍景都出色', '32GB', '<p>规格参数</p><table id="param_tab1"><tr><td>包装清单</td><td>手机*1、充电器*1、USB线*1、快速指南*1、三包凭证*1</td></tr><tr><td>品牌</td><td>华为(HUAWEI)</td></tr><tr><td>型号</td><td>畅享7s(FIG-AL00)</td></tr><tr><td>上市年份</td><td>2017年12月</td></tr><tr><td>输入方式</td><td>触控</td></tr><tr><td>智能机</td><td>是</td></tr><tr><td>操作系统</td><td>Android</td></tr><tr><td>CPU品牌</td><td>海思(Hisilicon)</td></tr><tr><td>CPU频率</td><td>4*Cprtex-A53 2.36GHz+4*Cortex-A53 1.7GHz</td></tr><tr><td>CPU核数</td><td>八核</td></tr><tr><td>指纹识别</td><td>支持</td></tr></table><p>网络</p><table id="param_tab2"><tr><td>4G网络制式</td><td>4G:移动;4G:联通;4G:电信</td></tr><tr><td>3G网络制式</td><td>3G:移动;3G:联通;3G:电信</td></tr><tr><td>2G网络制式</td><td>2G:移动联通+电信</td></tr><tr><td>双卡机类型</td><td>双卡双待单通</td></tr><tr><td>其它</td><td>副SIM卡与存储卡二选一</td></tr></table><p>存储</p><table id="param_tab3"><tr><td>机身内存</td><td>32GB</td></tr><tr><td>运行内存</td><td>32GB</td></tr></table>', 150123456789, 2968, 1,NULL,NULL),
(NULL, 10, 'Beats Powerbeats3 by Dr. Dre Wireless 入耳蓝牙耳机(迷幻红)MNLY2PAA', '5月焕新季，领券买新机！神券满6000减600！一体成型金属机身，纤薄轻巧，长达12小时续航', '1699.00', '*退货补运费 *30天无忧退货 *48小时快速退款 *72小时发货', '双核i5/8GB内存/128GB闪存', '荣耀（Honnor）', '荣耀', '32G', '5.65英寸全面屏（18:9）', 'EMUI8.0智慧化系统', '前后各置200万像素+1300万像素', '其它', '拍人拍景都出色', '32GB', '<p>规格参数</p><table id="param_tab1"><tr><td>包装清单</td><td>手机*1、充电器*1、USB线*1、快速指南*1、三包凭证*1</td></tr><tr><td>品牌</td><td>华为(HUAWEI)</td></tr><tr><td>型号</td><td>畅享7s(FIG-AL00)</td></tr><tr><td>上市年份</td><td>2017年12月</td></tr><tr><td>输入方式</td><td>触控</td></tr><tr><td>智能机</td><td>是</td></tr><tr><td>操作系统</td><td>Android</td></tr><tr><td>CPU品牌</td><td>海思(Hisilicon)</td></tr><tr><td>CPU频率</td><td>4*Cprtex-A53 2.36GHz+4*Cortex-A53 1.7GHz</td></tr><tr><td>CPU核数</td><td>八核</td></tr><tr><td>指纹识别</td><td>支持</td></tr></table><p>网络</p><table id="param_tab2"><tr><td>4G网络制式</td><td>4G:移动;4G:联通;4G:电信</td></tr><tr><td>3G网络制式</td><td>3G:移动;3G:联通;3G:电信</td></tr><tr><td>2G网络制式</td><td>2G:移动联通+电信</td></tr><tr><td>双卡机类型</td><td>双卡双待单通</td></tr><tr><td>其它</td><td>副SIM卡与存储卡二选一</td></tr></table><p>存储</p><table id="param_tab3"><tr><td>机身内存</td><td>32GB</td></tr><tr><td>运行内存</td><td>32GB</td></tr></table>', 150123456789, 2968, 1,NULL,NULL),
(NULL, 10, ' B&O Play  H7头戴式耳机(黑色)', '5月焕新季，领券买新机！神券满6000减600！一体成型金属机身，纤薄轻巧，长达12小时续航', '599.00', '*退货补运费 *30天无忧退货 *48小时快速退款 *72小时发货', '双核i5/8GB内存/128GB闪存', '荣耀（Honnor）', '荣耀', '32G', '5.65英寸全面屏（18:9）', 'EMUI8.0智慧化系统', '前后各置200万像素+1300万像素', '其它', '拍人拍景都出色', '32GB', '<p>规格参数</p><table id="param_tab1"><tr><td>包装清单</td><td>手机*1、充电器*1、USB线*1、快速指南*1、三包凭证*1</td></tr><tr><td>品牌</td><td>华为(HUAWEI)</td></tr><tr><td>型号</td><td>畅享7s(FIG-AL00)</td></tr><tr><td>上市年份</td><td>2017年12月</td></tr><tr><td>输入方式</td><td>触控</td></tr><tr><td>智能机</td><td>是</td></tr><tr><td>操作系统</td><td>Android</td></tr><tr><td>CPU品牌</td><td>海思(Hisilicon)</td></tr><tr><td>CPU频率</td><td>4*Cprtex-A53 2.36GHz+4*Cortex-A53 1.7GHz</td></tr><tr><td>CPU核数</td><td>八核</td></tr><tr><td>指纹识别</td><td>支持</td></tr></table><p>网络</p><table id="param_tab2"><tr><td>4G网络制式</td><td>4G:移动;4G:联通;4G:电信</td></tr><tr><td>3G网络制式</td><td>3G:移动;3G:联通;3G:电信</td></tr><tr><td>2G网络制式</td><td>2G:移动联通+电信</td></tr><tr><td>双卡机类型</td><td>双卡双待单通</td></tr><tr><td>其它</td><td>副SIM卡与存储卡二选一</td></tr></table><p>存储</p><table id="param_tab3"><tr><td>机身内存</td><td>32GB</td></tr><tr><td>运行内存</td><td>32GB</td></tr></table>', 150123456789, 2968, 1,NULL,NULL),
(NULL, 10, 'Beats Powerbeats3 by Dr. Dre Wireless 入耳蓝牙耳机(闪电蓝) MNLX2PA/A', '5月焕新季，领券买新机！神券满6000减600！一体成型金属机身，纤薄轻巧，长达12小时续航', '699.00', '*退货补运费 *30天无忧退货 *48小时快速退款 *72小时发货', '双核i5/8GB内存/128GB闪存', '荣耀（Honnor）', '荣耀', '32G', '5.65英寸全面屏（18:9）', 'EMUI8.0智慧化系统', '前后各置200万像素+1300万像素', '其它', '拍人拍景都出色', '32GB', '<p>规格参数</p><table id="param_tab1"><tr><td>包装清单</td><td>手机*1、充电器*1、USB线*1、快速指南*1、三包凭证*1</td></tr><tr><td>品牌</td><td>华为(HUAWEI)</td></tr><tr><td>型号</td><td>畅享7s(FIG-AL00)</td></tr><tr><td>上市年份</td><td>2017年12月</td></tr><tr><td>输入方式</td><td>触控</td></tr><tr><td>智能机</td><td>是</td></tr><tr><td>操作系统</td><td>Android</td></tr><tr><td>CPU品牌</td><td>海思(Hisilicon)</td></tr><tr><td>CPU频率</td><td>4*Cprtex-A53 2.36GHz+4*Cortex-A53 1.7GHz</td></tr><tr><td>CPU核数</td><td>八核</td></tr><tr><td>指纹识别</td><td>支持</td></tr></table><p>网络</p><table id="param_tab2"><tr><td>4G网络制式</td><td>4G:移动;4G:联通;4G:电信</td></tr><tr><td>3G网络制式</td><td>3G:移动;3G:联通;3G:电信</td></tr><tr><td>2G网络制式</td><td>2G:移动联通+电信</td></tr><tr><td>双卡机类型</td><td>双卡双待单通</td></tr><tr><td>其它</td><td>副SIM卡与存储卡二选一</td></tr></table><p>存储</p><table id="param_tab3"><tr><td>机身内存</td><td>32GB</td></tr><tr><td>运行内存</td><td>32GB</td></tr></table>', 150123456789, 2968, 1,NULL,NULL),
(NULL, 10, '森海塞尔（Sennheiser）MOMENTUM 2.0 大馒头蓝牙头戴耳机(白色) ', '5月焕新季，领券买新机！神券满6000减600！一体成型金属机身，纤薄轻巧，长达12小时续航', '799.00', '*退货补运费 *30天无忧退货 *48小时快速退款 *72小时发货', '双核i5/8GB内存/128GB闪存', '荣耀（Honnor）', '荣耀', '32G', '5.65英寸全面屏（18:9）', 'EMUI8.0智慧化系统', '前后各置200万像素+1300万像素', '其它', '拍人拍景都出色', '32GB', '<p>规格参数</p><table id="param_tab1"><tr><td>包装清单</td><td>手机*1、充电器*1、USB线*1、快速指南*1、三包凭证*1</td></tr><tr><td>品牌</td><td>华为(HUAWEI)</td></tr><tr><td>型号</td><td>畅享7s(FIG-AL00)</td></tr><tr><td>上市年份</td><td>2017年12月</td></tr><tr><td>输入方式</td><td>触控</td></tr><tr><td>智能机</td><td>是</td></tr><tr><td>操作系统</td><td>Android</td></tr><tr><td>CPU品牌</td><td>海思(Hisilicon)</td></tr><tr><td>CPU频率</td><td>4*Cprtex-A53 2.36GHz+4*Cortex-A53 1.7GHz</td></tr><tr><td>CPU核数</td><td>八核</td></tr><tr><td>指纹识别</td><td>支持</td></tr></table><p>网络</p><table id="param_tab2"><tr><td>4G网络制式</td><td>4G:移动;4G:联通;4G:电信</td></tr><tr><td>3G网络制式</td><td>3G:移动;3G:联通;3G:电信</td></tr><tr><td>2G网络制式</td><td>2G:移动联通+电信</td></tr><tr><td>双卡机类型</td><td>双卡双待单通</td></tr><tr><td>其它</td><td>副SIM卡与存储卡二选一</td></tr></table><p>存储</p><table id="param_tab3"><tr><td>机身内存</td><td>32GB</td></tr><tr><td>运行内存</td><td>32GB</td></tr></table>', 150123456789, 2968, 1,NULL,NULL),
(NULL, 10, 'Beats X 入耳蓝牙耳机-MLYE2PA/A（白色）', '5月焕新季，领券买新机！神券满6000减600！一体成型金属机身，纤薄轻巧，长达12小时续航', '699.00', '*退货补运费 *30天无忧退货 *48小时快速退款 *72小时发货', '双核i5/8GB内存/128GB闪存', '荣耀（Honnor）', '荣耀', '32G', '5.65英寸全面屏（18:9）', 'EMUI8.0智慧化系统', '前后各置200万像素+1300万像素', '其它', '拍人拍景都出色', '32GB', '<p>规格参数</p><table id="param_tab1"><tr><td>包装清单</td><td>手机*1、充电器*1、USB线*1、快速指南*1、三包凭证*1</td></tr><tr><td>品牌</td><td>华为(HUAWEI)</td></tr><tr><td>型号</td><td>畅享7s(FIG-AL00)</td></tr><tr><td>上市年份</td><td>2017年12月</td></tr><tr><td>输入方式</td><td>触控</td></tr><tr><td>智能机</td><td>是</td></tr><tr><td>操作系统</td><td>Android</td></tr><tr><td>CPU品牌</td><td>海思(Hisilicon)</td></tr><tr><td>CPU频率</td><td>4*Cprtex-A53 2.36GHz+4*Cortex-A53 1.7GHz</td></tr><tr><td>CPU核数</td><td>八核</td></tr><tr><td>指纹识别</td><td>支持</td></tr></table><p>网络</p><table id="param_tab2"><tr><td>4G网络制式</td><td>4G:移动;4G:联通;4G:电信</td></tr><tr><td>3G网络制式</td><td>3G:移动;3G:联通;3G:电信</td></tr><tr><td>2G网络制式</td><td>2G:移动联通+电信</td></tr><tr><td>双卡机类型</td><td>双卡双待单通</td></tr><tr><td>其它</td><td>副SIM卡与存储卡二选一</td></tr></table><p>存储</p><table id="param_tab3"><tr><td>机身内存</td><td>32GB</td></tr><tr><td>运行内存</td><td>32GB</td></tr></table>', 150123456789, 2968, 1,NULL,NULL),
(NULL, 10, '产地马来西亚 进口索尼（SONY）头戴式运动防水音乐播放器NW-WS414 （蓝色）', '5月焕新季，领券买新机！神券满6000减600！一体成型金属机身，纤薄轻巧，长达12小时续航', '1499.00', '*退货补运费 *30天无忧退货 *48小时快速退款 *72小时发货', '双核i5/8GB内存/128GB闪存', '荣耀（Honnor）', '荣耀', '32G', '5.65英寸全面屏（18:9）', 'EMUI8.0智慧化系统', '前后各置200万像素+1300万像素', '其它', '拍人拍景都出色', '32GB', '<p>规格参数</p><table id="param_tab1"><tr><td>包装清单</td><td>手机*1、充电器*1、USB线*1、快速指南*1、三包凭证*1</td></tr><tr><td>品牌</td><td>华为(HUAWEI)</td></tr><tr><td>型号</td><td>畅享7s(FIG-AL00)</td></tr><tr><td>上市年份</td><td>2017年12月</td></tr><tr><td>输入方式</td><td>触控</td></tr><tr><td>智能机</td><td>是</td></tr><tr><td>操作系统</td><td>Android</td></tr><tr><td>CPU品牌</td><td>海思(Hisilicon)</td></tr><tr><td>CPU频率</td><td>4*Cprtex-A53 2.36GHz+4*Cortex-A53 1.7GHz</td></tr><tr><td>CPU核数</td><td>八核</td></tr><tr><td>指纹识别</td><td>支持</td></tr></table><p>网络</p><table id="param_tab2"><tr><td>4G网络制式</td><td>4G:移动;4G:联通;4G:电信</td></tr><tr><td>3G网络制式</td><td>3G:移动;3G:联通;3G:电信</td></tr><tr><td>2G网络制式</td><td>2G:移动联通+电信</td></tr><tr><td>双卡机类型</td><td>双卡双待单通</td></tr><tr><td>其它</td><td>副SIM卡与存储卡二选一</td></tr></table><p>存储</p><table id="param_tab3"><tr><td>机身内存</td><td>32GB</td></tr><tr><td>运行内存</td><td>32GB</td></tr></table>', 150123456789, 2968, 1,NULL,NULL),
(NULL, 10, 'B&O  play  H5无线蓝牙HiFi耳机(绿色) ', '5月焕新季，领券买新机！神券满6000减600！一体成型金属机身，纤薄轻巧，长达12小时续航', '4599.00', '*退货补运费 *30天无忧退货 *48小时快速退款 *72小时发货', '双核i5/8GB内存/128GB闪存', '荣耀（Honnor）', '荣耀', '32G', '5.65英寸全面屏（18:9）', 'EMUI8.0智慧化系统', '前后各置200万像素+1300万像素', '其它', '拍人拍景都出色', '32GB', '<p>规格参数</p><table id="param_tab1"><tr><td>包装清单</td><td>手机*1、充电器*1、USB线*1、快速指南*1、三包凭证*1</td></tr><tr><td>品牌</td><td>华为(HUAWEI)</td></tr><tr><td>型号</td><td>畅享7s(FIG-AL00)</td></tr><tr><td>上市年份</td><td>2017年12月</td></tr><tr><td>输入方式</td><td>触控</td></tr><tr><td>智能机</td><td>是</td></tr><tr><td>操作系统</td><td>Android</td></tr><tr><td>CPU品牌</td><td>海思(Hisilicon)</td></tr><tr><td>CPU频率</td><td>4*Cprtex-A53 2.36GHz+4*Cortex-A53 1.7GHz</td></tr><tr><td>CPU核数</td><td>八核</td></tr><tr><td>指纹识别</td><td>支持</td></tr></table><p>网络</p><table id="param_tab2"><tr><td>4G网络制式</td><td>4G:移动;4G:联通;4G:电信</td></tr><tr><td>3G网络制式</td><td>3G:移动;3G:联通;3G:电信</td></tr><tr><td>2G网络制式</td><td>2G:移动联通+电信</td></tr><tr><td>双卡机类型</td><td>双卡双待单通</td></tr><tr><td>其它</td><td>副SIM卡与存储卡二选一</td></tr></table><p>存储</p><table id="param_tab3"><tr><td>机身内存</td><td>32GB</td></tr><tr><td>运行内存</td><td>32GB</td></tr></table>', 150123456789, 2968, 1,NULL,NULL),
(NULL, 10, 'AKG 头戴式耳机  N60NCBT主动降噪蓝牙耳机 (黑色)', '5月焕新季，领券买新机！神券满6000减600！一体成型金属机身，纤薄轻巧，长达12小时续航', '6699.00', '*退货补运费 *30天无忧退货 *48小时快速退款 *72小时发货', '双核i5/8GB内存/128GB闪存', '荣耀（Honnor）', '荣耀', '32G', '5.65英寸全面屏（18:9）', 'EMUI8.0智慧化系统', '前后各置200万像素+1300万像素', '其它', '拍人拍景都出色', '32GB', '<p>规格参数</p><table id="param_tab1"><tr><td>包装清单</td><td>手机*1、充电器*1、USB线*1、快速指南*1、三包凭证*1</td></tr><tr><td>品牌</td><td>华为(HUAWEI)</td></tr><tr><td>型号</td><td>畅享7s(FIG-AL00)</td></tr><tr><td>上市年份</td><td>2017年12月</td></tr><tr><td>输入方式</td><td>触控</td></tr><tr><td>智能机</td><td>是</td></tr><tr><td>操作系统</td><td>Android</td></tr><tr><td>CPU品牌</td><td>海思(Hisilicon)</td></tr><tr><td>CPU频率</td><td>4*Cprtex-A53 2.36GHz+4*Cortex-A53 1.7GHz</td></tr><tr><td>CPU核数</td><td>八核</td></tr><tr><td>指纹识别</td><td>支持</td></tr></table><p>网络</p><table id="param_tab2"><tr><td>4G网络制式</td><td>4G:移动;4G:联通;4G:电信</td></tr><tr><td>3G网络制式</td><td>3G:移动;3G:联通;3G:电信</td></tr><tr><td>2G网络制式</td><td>2G:移动联通+电信</td></tr><tr><td>双卡机类型</td><td>双卡双待单通</td></tr><tr><td>其它</td><td>副SIM卡与存储卡二选一</td></tr></table><p>存储</p><table id="param_tab3"><tr><td>机身内存</td><td>32GB</td></tr><tr><td>运行内存</td><td>32GB</td></tr></table>', 150123456789, 2968, 1,NULL,NULL),
(NULL, 10, '新智（NuForce）入耳式耳机NE750M（黑色）【不支持货到付款，每一个ID限购1台】', '5月焕新季，领券买新机！神券满6000减600！一体成型金属机身，纤薄轻巧，长达12小时续航', '7999.00', '*退货补运费 *30天无忧退货 *48小时快速退款 *72小时发货', '双核i5/8GB内存/128GB闪存', '荣耀（Honnor）', '荣耀', '32G', '5.65英寸全面屏（18:9）', 'EMUI8.0智慧化系统', '前后各置200万像素+1300万像素', '其它', '拍人拍景都出色', '32GB', '<p>规格参数</p><table id="param_tab1"><tr><td>包装清单</td><td>手机*1、充电器*1、USB线*1、快速指南*1、三包凭证*1</td></tr><tr><td>品牌</td><td>华为(HUAWEI)</td></tr><tr><td>型号</td><td>畅享7s(FIG-AL00)</td></tr><tr><td>上市年份</td><td>2017年12月</td></tr><tr><td>输入方式</td><td>触控</td></tr><tr><td>智能机</td><td>是</td></tr><tr><td>操作系统</td><td>Android</td></tr><tr><td>CPU品牌</td><td>海思(Hisilicon)</td></tr><tr><td>CPU频率</td><td>4*Cprtex-A53 2.36GHz+4*Cortex-A53 1.7GHz</td></tr><tr><td>CPU核数</td><td>八核</td></tr><tr><td>指纹识别</td><td>支持</td></tr></table><p>网络</p><table id="param_tab2"><tr><td>4G网络制式</td><td>4G:移动;4G:联通;4G:电信</td></tr><tr><td>3G网络制式</td><td>3G:移动;3G:联通;3G:电信</td></tr><tr><td>2G网络制式</td><td>2G:移动联通+电信</td></tr><tr><td>双卡机类型</td><td>双卡双待单通</td></tr><tr><td>其它</td><td>副SIM卡与存储卡二选一</td></tr></table><p>存储</p><table id="param_tab3"><tr><td>机身内存</td><td>32GB</td></tr><tr><td>运行内存</td><td>32GB</td></tr></table>', 150123456789, 2968, 1,NULL,NULL);

CREATE TABLE sd_laptop_family(
          	fid INT PRIMARY KEY,
          	fname VARCHAR(128) DEFAULT NULL
          );
          INSERT INTO sd_laptop_family VALUES
          (1,'华为手机'),
          (2,'苹果手机'),
          (3,'小米手机'),
          (4,'苹果笔记本'),
          (5,'戴尔笔记本'),
          (6,'惠普笔记本'),
          (7,'联想笔记本'),
          (8,'三星电视'),
          (9,'索尼电视'),
          (10,'耳机');

CREATE TABLE sd_index_product(
  pid INT PRIMARY KEY NOT NULL,
  title VARCHAR(64) DEFAULT NULL,
  details VARCHAR(128) DEFAULT NULL,
  pic VARCHAR(128) DEFAULT NULL,
  price decimal(10,2) DEFAULT NULL,
  href VARCHAR(128) DEFAULT NULL,
  recommend TINYINT(4) DEFAULT NULL,
  phone TINYINT(4) DEFAULT NULL,
  book TINYINT(4) DEFAULT NULL,
  tv TINYINT(4) DEFAULT NULL,
  earphone TINYINT(4) DEFAULT NULL,
  sales TINYINT(4) DEFAULT NULL
);
INSERT INTO sd_index_product VALUES
(1, 'Apple iPhoneX', '64GB', 'image/2F-phone/iphone/big/left-1.jpg', '6488.00', 'product_details.html?lid=1',0,1,0,0,0,0),
(2, '荣耀（Honnor）荣耀9青春版', '4GB+32GB 全网通', 'image/2F-phone/huawei/big/1.jpg', '3988.00', 'product_details.html?lid=2',6,1,0,0,0,0),
(3, '荣耀8青春版', '4GB+32GB 全网通', 'image/2F-phone/huawei/big/5.jpg', '3988.00', 'product_details.html?lid=3',0,1,0,0,0,0),
(4, '【预订】华为(HUAWEI) Nova2s 6GB+128GB  全网通 娱乐手机HWI-AL00', '4GB+32GB 全网通', 'image/2F-phone/all/7.jpg', '4988.00', 'product_details.html?lid=4',0,1,0,0,0,0),
(5, '荣耀6青春版', '4GB+32GB 全网通', 'image/2F-phone/huawei/big/11.jpg', '2988.00', 'product_details.html?lid=5',0,0,0,0,0,0),
(6, '荣耀5青春版', '4GB+32GB 全网通', 'image/2F-phone/huawei/big/14.jpg', '2488.00', 'product_details.html?lid=6',0,0,0,0,0,0),
(7, '荣耀4青春版', '4GB+32GB 全网通', 'image/2F-phone/huawei/big/17.jpg', '1988.00', 'product_details.html?lid=7',0,0,0,0,0,1),
(8, '荣耀畅玩7X', '4GB+32GB 全网通', 'image/2F-phone/huawei/big/5.jpg', '3988.00', 'product_details.html?lid=8',0,0,0,0,0,0),
(9, '荣耀畅玩6X', '4GB+32GB 全网通', 'image/2F-phone/huawei/big/5.jpg', '3988.00', 'product_details.html?lid=9',0,0,0,0,0,0),
(10, '荣耀V9 play', '4GB+32GB 全网通', 'image/2F-phone/huawei/big/5.jpg', '3988.00', 'product_details.html?lid=10',0,0,0,0,0,0),
(11, '荣耀V9 play', '4GB+32GB 全网通', 'image/2F-phone/huawei/big/5.jpg', '3988.00', 'product_details.html?lid=11',0,0,0,0,0,0),
(12, '华为（HUAWEI） P10 Plus 128GB 全网通 商务手机 VKY-AL00（亮黑)）', '4GB+32GB 全网通', 'image/2F-phone/all/6.jpg', '1988.00', 'product_details.html?lid=12',4,1,0,0,0,0),
(13, '小米Note3', '4GB+32GB 全网通', 'image/2F-phone/xiaomi/big/7.jpg', '2988.00', 'product_details.html?lid=13',0,1,0,0,0,0),
(14, 'Apple iPhone 7 移动联通电信4G手机', '4GB+32GB 全网通', 'image/2F-phone/all/5.jpg', '4399.00
', 'product_details.html?lid=14',0,1,0,0,0,0),
(15, '小米MIX2', '4GB+64GB', 'image/2F-phone/xiaomi/big/13.jpg', '3488.00', 'product_details.html?lid=15',0,0,0,0,0,1),
(16, '小米MIX2 全网通', '4GB+32GB 全网通', 'image/2F-phone/xiaomi/big/1.jpg', '3488.00', 'product_details.html?lid=16',0,0,0,0,0,0),
(17, '小米MIX2 全网通', '4GB+32GB 全网通', 'image/2F-phone/xiaomi/big/1.jpg', '3488.00', 'product_details.html?lid=17',0,0,0,0,0,0),
(18, '小米MIX2 全网通', '4GB+32GB 全网通', 'image/2F-phone/xiaomi/big/1.jpg', '3488.00', 'product_details.html?lid=18',0,0,0,0,0,0),
(19, '小米MIX2 全网通', '4GB+32GB 全网通', 'image/2F-phone/xiaomi/big/1.jpg', '3488.00', 'product_details.html?lid=19',0,0,0,0,0,0),
(20, '小米MIX2 全网通', '4GB+32GB 全网通', 'image/2F-phone/xiaomi/big/1.jpg', '3488.00', 'product_details.html?lid=20',0,0,0,0,0,0),
(21, '小米MIX2 全网通', '4GB+32GB 全网通', 'image/2F-phone/xiaomi/big/1.jpg', '3488.00', 'product_details.html?lid=21',0,0,0,0,0,0),
(22, 'Apple iPhoneX', '256GB', 'image/2F-phone/all/1.jpg', '8588.00', 'product_details.html?lid=22',0,1,0,0,0,0),
(23, 'Apple iPhone8 Plus', '128GB', 'image/2F-phone/iphone/big/4.jpg', '7488.00', 'product_details.html?lid=23',0,1,0,0,0,0),
(24, 'Apple iPhone8', '128GB', 'image/2F-phone/iphone/big/4.jpg', '6488.00', 'product_details.html?lid=24',0,0,0,0,0,0),
(25, 'Apple iPhone7 Plus', '128GB', 'image/2F-phone/iphone/big/4.jpg', '5688.00', 'product_details.html?lid=25',0,0,0,0,0,0),
(26, 'Apple iPhone7', '128GB', 'image/2F-phone/iphone/big/4.jpg', '4588.00', 'product_details.html?lid=26',0,0,0,0,0,0),
(27, 'Apple iPhone6 Plus', '128GB', 'image/2F-phone/iphone/big/4.jpg', '6488.00', 'product_details.html?lid=27',0,0,0,0,0,0),
(28, 'Apple iPhone6', '128GB', 'image/2F-phone/iphone/big/4.jpg', '6488.00', 'product_details.html?lid=28',0,0,0,0,0,0),
(29, 'Apple iPhone5S', '64GB', 'image/2F-phone/iphone/big/4.jpg', '6488.00', 'product_details.html?lid=29',0,0,0,0,0,0),
(30, 'Apple iPhone5', '64GB', 'image/2F-phone/iphone/big/4.jpg', '6488.00', 'product_details.html?lid=30',0,0,0,0,0,0),
(31, 'Apple iPhoneX', '64GB', 'image/2F-phone/iphone/big/4.jpg', '6488.00', 'product_details.html?lid=31',0,0,0,0,0,0),
(32, 'Apple MacBook Pro 15英寸笔记本(深空灰)','酷睿双核i7处理器|256GB SSD|4GB内存|英特尔HD显卡680M', 'image/3F-book/apple/big/1.jpg', '5399.00', 'product_details.html?lid=32',3,0,3,0,0,0),
(33, 'Apple MacBook Pro 14英寸笔记本(深空灰)','酷睿双核i7处理器|256GB SSD|4GB内存|英特尔HD显卡680M', 'image/3F-book/apple/big/4.jpg', '5399.00', 'product_details.html?lid=33',0,0,1,0,0,0),
(34, 'Apple MacBook Pro 13英寸笔记本(深空灰)','酷睿双核i7处理器|256GB SSD|4GB内存|英特尔HD显卡680M', 'image/3F-book/apple/big/1.jpg', '5399.00', 'product_details.html?lid=34',0,0,0,0,0,0),
(35, 'Apple MacBook Pro 12.1英寸笔记本(深空灰)','酷睿双核i7处理器|256GB SSD|4GB内存|英特尔HD显卡680M', 'image/3F-book/apple/big/1.jpg', '5399.00', 'product_details.html?lid=35',0,0,0,0,0,0),
(36, '戴尔（DELL）游匣 15.6英寸 笔记本电脑', '酷睿双核i5处理器|512GB SSD|4GB内存|英特尔HD游戏级显卡', 'image/3F-book/dell/big/10.jpg', '4966.00', 'product_details.html?lid=36',3,0,4,0,0,0),
(37, '戴尔（DELL）游匣 15.6英寸 笔记本电脑', '酷睿双核i5处理器|512GB SSD|4GB内存|英特尔HD游戏级显卡', 'image/3F-book/dell/big/9.jpg', '4966.00', 'product_details.html?lid=37',0,0,4,0,0,0),
(38, '惠普（HP）ENVY 13-ad106TU 13.3英寸笔记本','酷睿双核i5处理器|512GB SSD|4GB内存|英特尔HD游戏级显卡', 'image/3F-book/hp/big/1.jpg', '4966.00', 'product_details.html?lid=38',0,0,4,0,0,0),
(39, '惠普（HP）ENVY 13-ad106TU 13.3英寸笔记本','酷睿双核i5处理器|512GB SSD|4GB内存|英特尔HD游戏级显卡', 'image/3F-book/hp/big/4.jpg', '4966.00', 'product_details.html?lid=39',0,0,4,0,0,1),
(40, 'thinkPad 13.3英寸笔记本','酷睿双核i5处理器|512GB SSD|4GB内存|英特尔HD游戏级显卡', 'image/3F-book/thinkPad/big/1.jpg', '4966.00', 'product_details.html?lid=40',0,0,4,0,0,0),
(41, 'thinkPad 13.3英寸笔记本','酷睿双核i5处理器|512GB SSD|4GB内存|英特尔HD游戏级显卡', 'image/3F-book/thinkPad/big/4.jpg', '4966.00', 'product_details.html?lid=41',0,0,4,0,0,0),
(42, '三星（SAMSUNG）82英寸 液晶平面电视', '酷睿双核i7处理器|1TGB SSD|8GB内存|英特尔HD显卡620含共享显卡内存', 'image/4F-tv/samsung/big/1.jpg', '6299.00', 'product_details.html?lid=42',3,0,0,7,0,0),
(43, '三星（SAMSUNG）82英寸 液晶平面电视', '酷睿双核i7处理器|1TGB SSD|8GB内存|英特尔HD显卡620含共享显卡内存', 'image/4F-tv/samsung/big/1.jpg', '6299.00', 'product_details.html?lid=43',0,0,0,7,0,0),
(44, '三星（SAMSUNG）82英寸 液晶平面电视', '酷睿双核i7处理器|1TGB SSD|8GB内存|英特尔HD显卡620含共享显卡内存', 'image/4F-tv/samsung/big/1.jpg', '6299.00', 'product_details.html?lid=44',0,0,0,7,0,0),
(45, '三星（SAMSUNG）82英寸 液晶平面电视', '酷睿双核i7处理器|1TGB SSD|8GB内存|英特尔HD显卡620含共享显卡内存', 'image/4F-tv/samsung/big/1.jpg', '6299.00', 'product_details.html?lid=45',0,0,0,7,0,0),
(46, '索尼（SONY）55英寸 平面电视 KD-55A1', '酷睿双核i5处理器|512GB SSD|2GB内存|英特尔HD显卡', 'image/4F-tv/sony/big/1.jpg', '5199.00', 'product_details.html?lid=46',4,0,0,5,0,0),
(47, '索尼（SONY）55英寸 平面电视 KD-55A1', '酷睿双核i5处理器|512GB SSD|2GB内存|英特尔HD显卡', 'image/4F-tv/sony/big/1.jpg', '5199.00', 'product_details.html?lid=47',0,0,0,5,0,1),
(48, '索尼（SONY）55英寸 平面电视 KD-55A1', '酷睿双核i5处理器|512GB SSD|2GB内存|英特尔HD显卡', 'image/4F-tv/sony/big/1.jpg', '5199.00', 'product_details.html?lid=48',0,0,0,5,0,0),
(49, '索尼（SONY）55英寸 平面电视 KD-55A1', '酷睿双核i5处理器|512GB SSD|2GB内存|英特尔HD显卡', 'image/4F-tv/sony/big/1.jpg', '5199.00', 'product_details.html?lid=49',0,0,0,5,0,0),
(50, '耳机', '声音环绕立体震撼', 'image/5F-earphone/big/4.jpg', '1299.00', 'product_details.html?lid=50',2,0,0,0,2,1),
(51, '耳机', '立体声头戴式', 'image/5F-earphone/big/10.jpg', '999.00', 'product_details.html?lid=51',2,0,0,0,2,0),
(52, '耳机', '声音环绕立体震撼', 'image/5F-earphone/big/9.jpg', '1299.00', 'product_details.html?lid=52',0,0,0,0,2,0),
(53, '耳机', '声音环绕立体震撼', 'image/5F-earphone/big/1.jpg', '1299.00', 'product_details.html?lid=53',0,0,0,0,2,0),
(54, '耳机', '声音环绕立体震撼', 'image/5F-earphone/sony/big/1.jpg', '1299.00', 'product_details.html?lid=54',0,0,0,0,2,0),
(55, '耳机', '声音环绕立体震撼', 'image/5F-earphone/sony/big/10.jpg', '1299.00', 'product_details.html?lid=55',0,0,0,0,2,0),
(56, '耳机', '声音环绕立体震撼', 'image/5F-earphone/sony/big/10.jpg', '1299.00', 'product_details.html?lid=56',0,0,0,0,2,0),
(57, '耳机', '声音环绕立体震撼', 'image/5F-earphone/sony/big/10.jpg', '1299.00', 'product_details.html?lid=57',0,0,0,0,2,0);

CREATE TABLE sd_laptop_pic(
	pid INT PRIMARY KEY,
	laptop_id INT NOT NULL,
	sm VARCHAR(256) DEFAULT NULL,
	md VARCHAR(256) DEFAULT NULL,
	lg VARCHAR(256) DEFAULT NULL
);
INSERT INTO sd_laptop_pic VALUES
(1,2,'image/2F-phone/iphone/big/left-1.jpg','image/2F-phone/iphone/big/left-1.jpg','image/2F-phone/iphone/big/left-1.jpg'),
(2,1,'image/2F-phone/huawei/mini/1.jpg','image/2F-phone/huawei/middle/1.jpg','image/2F-phone/huawei/big/1.jpg'),
(3,1,'image/2F-phone/huawei/mini/5.jpg','image/2F-phone/huawei/middle/5.jpg','image/2F-phone/huawei/big/5.jpg'),
(4,1,'image/2F-phone/huawei/mini/8.jpg','image/2F-phone/huawei/middle/8.jpg','image/2F-phone/huawei/big/8.jpg'),
(5,1,'image/2F-phone/huawei/mini/11.jpg','image/2F-phone/huawei/middle/11.jpg','image/2F-phone/huawei/big/11.jpg'),
(6,1,'image/2F-phone/huawei/mini/14.jpg','image/2F-phone/huawei/middle/14.jpg','image/2F-phone/huawei/big/14.jpg'),
(7,1,'image/2F-phone/huawei/mini/17.jpg','image/2F-phone/huawei/middle/17.jpg','image/2F-phone/huawei/big/17.jpg'),
(8,1,'image/2F-phone/huawei/mini/5.jpg','image/2F-phone/huawei/middle/5.jpg','image/2F-phone/huawei/big/5.jpg'),
(9,1,'image/2F-phone/huawei/mini/5.jpg','image/2F-phone/huawei/middle/5.jpg','image/2F-phone/huawei/big/5.jpg'),
(10,1,'image/2F-phone/huawei/mini/5.jpg','image/2F-phone/huawei/middle/5.jpg','image/2F-phone/huawei/big/5.jpg'),
(11,1,'image/2F-phone/huawei/mini/5.jpg','image/2F-phone/huawei/middle/5.jpg','image/2F-phone/huawei/big/5.jpg'),
(12,3,'image/2F-phone/xiaomi/mini/1.jpg', 'image/2F-phone/xiaomi/middle/1.jpg','image/2F-phone/xiaomi/big/1.jpg'),
(13,3,'image/2F-phone/xiaomi/mini/7.jpg','image/2F-phone/xiaomi/middle/7.jpg','image/2F-phone/xiaomi/big/7.jpg'),
(14,3,'image/2F-phone/xiaomi/mini/10.jpg','image/2F-phone/xiaomi/middle/10.jpg','image/2F-phone/xiaomi/big/10.jpg'),
(15,3,'image/2F-phone/xiaomi/mini/13.jpg','image/2F-phone/xiaomi/middle/13.jpg','image/2F-phone/xiaomi/big/13.jpg'),
(16,3,'image/2F-phone/xiaomi/mini/1.jpg','image/2F-phone/xiaomi/middle/1.jpg','image/2F-phone/xiaomi/big/1.jpg'),
(17,3,'image/2F-phone/xiaomi/mini/1.jpg','image/2F-phone/xiaomi/middle/1.jpg','image/2F-phone/xiaomi/big/1.jpg'),
(18,3,'image/2F-phone/xiaomi/mini/1.jpg','image/2F-phone/xiaomi/middle/1.jpg','image/2F-phone/xiaomi/big/1.jpg'),
(19,3,'image/2F-phone/xiaomi/mini/1.jpg','image/2F-phone/xiaomi/middle/1.jpg','image/2F-phone/xiaomi/big/1.jpg'),
(20,3,'image/2F-phone/xiaomi/mini/1.jpg','image/2F-phone/xiaomi/middle/1.jpg','image/2F-phone/xiaomi/big/1.jpg'),
(21,3,'image/2F-phone/xiaomi/mini/1.jpg','image/2F-phone/xiaomi/middle/1.jpg','image/2F-phone/xiaomi/big/1.jpg'),
(22,2,'image/2F-phone/iphone/mini/1.jpg','image/2F-phone/iphone/middle/1.jpg','image/2F-phone/iphone/big/1.jpg'),
(23,2,'image/2F-phone/iphone/mini/4.jpg','image/2F-phone/iphone/middle/4.jpg','image/2F-phone/iphone/big/4.jpg'),
(24,2,'image/2F-phone/iphone/mini/4.jpg','image/2F-phone/iphone/middle/4.jpg','image/2F-phone/iphone/big/4.jpg'),
(25,2,'image/2F-phone/iphone/mini/4.jpg','image/2F-phone/iphone/middle/4.jpg','image/2F-phone/iphone/big/4.jpg'),
(26,2,'image/2F-phone/iphone/mini/4.jpg','image/2F-phone/iphone/middle/4.jpg','image/2F-phone/iphone/big/4.jpg'),
(27,2,'image/2F-phone/iphone/mini/4.jpg','image/2F-phone/iphone/middle/4.jpg','image/2F-phone/iphone/big/4.jpg'),
(28,2,'image/2F-phone/iphone/mini/4.jpg','image/2F-phone/iphone/middle/4.jpg','image/2F-phone/iphone/big/4.jpg'),
(29,2,'image/2F-phone/iphone/mini/4.jpg','image/2F-phone/iphone/middle/4.jpg','image/2F-phone/iphone/big/4.jpg'),
(30,2,'image/2F-phone/iphone/mini/4.jpg','image/2F-phone/iphone/middle/4.jpg','image/2F-phone/iphone/big/4.jpg'),
(31,2,'image/2F-phone/iphone/mini/4.jpg','image/2F-phone/iphone/middle/4.jpg','image/2F-phone/iphone/big/4.jpg'),
(32,4,'image/3F-book/apple/mini/1.jpg','image/3F-book/apple/middle/1.jpg','image/3F-book/apple/big/1.jpg'),
(33,4,'image/3F-book/apple/mini/4.jpg','image/3F-book/apple/middle/4.jpg','image/3F-book/apple/big/4.jpg'),
(34,4,'image/3F-book/apple/mini/1.jpg','image/3F-book/apple/middle/1.jpg','image/3F-book/apple/big/1.jpg'),
(35,4,'image/3F-book/apple/mini/1.jpg','image/3F-book/apple/middle/1.jpg','image/3F-book/apple/big/1.jpg'),
(36,5,'image/3F-book/dell/mini/10.jpg','image/3F-book/dell/middle/10.jpg','image/3F-book/dell/big/10.jpg'),
(37,5,'image/3F-book/dell/mini/9.jpg','image/3F-book/dell/middle/9.jpg','image/3F-book/dell/big/9.jpg'),
(38,6,'image/3F-book/hp/mini/1.jpg','image/3F-book/hp/middle/1.jpg','image/3F-book/hp/big/1.jpg'),
(39,6,'image/3F-book/hp/mini/4.jpg','image/3F-book/hp/middle/4.jpg','image/3F-book/hp/big/4.jpg'),
(40,7,'image/3F-book/thinkPad/mini/1.jpg','image/3F-book/thinkPad/middle/1.jpg','image/3F-book/thinkPad/big/1.jpg'),
(41,7,'image/3F-book/thinkPad/mini/4.jpg','image/3F-book/thinkPad/middle/4.jpg','image/3F-book/thinkPad/big/4.jpg'),
(42,8,'image/4F-tv/samsung/mini/1.jpg','image/4F-tv/samsung/middle/1.jpg','image/4F-tv/samsung/big/1.jpg'),
(43,8,'image/4F-tv/samsung/mini/1.jpg','image/4F-tv/samsung/middle/1.jpg','image/4F-tv/samsung/big/1.jpg'),
(44,8,'image/4F-tv/samsung/mini/1.jpg','image/4F-tv/samsung/middle/1.jpg','image/4F-tv/samsung/big/1.jpg'),
(45,8,'image/4F-tv/samsung/mini/1.jpg','image/4F-tv/samsung/middle/1.jpg','image/4F-tv/samsung/big/1.jpg'),
(46,9,'image/4F-tv/sony/mini/1.jpg','image/4F-tv/sony/middle/1.jpg','image/4F-tv/sony/big/1.jpg'),
(47,9,'image/4F-tv/sony/mini/1.jpg','image/4F-tv/sony/middle/1.jpg','image/4F-tv/sony/big/1.jpg'),
(48,9,'image/4F-tv/sony/mini/1.jpg','image/4F-tv/sony/middle/1.jpg','image/4F-tv/sony/big/1.jpg'),
(49,9,'image/4F-tv/sony/mini/1.jpg','image/4F-tv/sony/middle/1.jpg','image/4F-tv/sony/big/1.jpg'),
(50,10,'image/5F-earphone/mini/4.jpg','image/5F-earphone/middle/4.jpg','image/5F-earphone/big/4.jpg'),
(51,10,'image/5F-earphone/mini/10.jpg','image/5F-earphone/middle/10.jpg', 'image/5F-earphone/big/10.jpg'),
(52,10,'image/5F-earphone/mini/9.jpg','image/5F-earphone/middle/9.jpg','image/5F-earphone/big/9.jpg'),
(53,10,'image/5F-earphone/mini/1.jpg','image/5F-earphone/middle/1.jpg', 'image/5F-earphone/big/1.jpg'),
(54,10,'image/5F-earphone/sony/mini/1.jpg','image/5F-earphone/sony/middle/1.jpg','image/5F-earphone/sony/big/1.jpg'),
(55,10,'image/5F-earphone/sony/mini/10.jpg','image/5F-earphone/sony/middle/10.jpg','image/5F-earphone/sony/big/10.jpg'),
(56,10,'image/5F-earphone/sony/mini/10.jpg','image/5F-earphone/sony/middle/10.jpg','image/5F-earphone/sony/big/10.jpg'),
(57,10,'image/5F-earphone/sony/mini/10.jpg','image/5F-earphone/sony/middle/10.jpg','image/5F-earphone/sony/big/10.jpg');


	CREATE TABLE sd_shoppingcart_item(
		iid INT PRIMARY KEY AUTO_INCREMENT,
		product_id INT DEFAULT NULL,
		user_id INT DEFAULT NULL,
		count INT DEFAULT NULL,
		is_checked INT DEFAULT NULL
	);